Coding_Scheme,Code_Value,Full_Name,Shortcode,Viewport,Unit,UCUM_Unit,CID_Source
SRT,14910006,Inspiration,14910006,CID_12234,F-20010,,CID_12234
SRT,58322009,Expiration,58322009,CID_12234,F-20020,,CID_12234
SRT,399093001,Medial Mitral Annulus,399093001,CID_12235,G-0391,,CID_12235
SRT,399086000,Lateral Mitral Annulus,399086000,CID_12235,G-0392,,CID_12235
SRT,65197004,Mitral Annulus,65197004,CID_12235,T-35310,,CID_12235
DCM,125223,4 Point Segment Finding Scale,125223,CID_12238,,,CID_12238
DCM,125224,5 Point Segment Finding Scale,125224,CID_12238,,,CID_12238
DCM,125225,5 Point Segment Finding Scale With Graded Hypokinesis,125225,CID_12238,,,CID_12238
SRT,90096001,Stroke Volume,90096001,CID_12239,F-32120,,CID_12239
SRT,82799009,Cardiac Output,82799009,CID_12239,F-32100,,CID_12239
SRT,54993008,Cardiac Index,54993008,CID_12239,F-32110,,CID_12239
SRT,277381004,Stroke Index,277381004,CID_12239,F-00078,,CID_12239
SRT,399030000,Left Ventricular Systolic Area,399030000,CID_12240,G-0374,,CID_12240
SRT,399109006,Left Ventricular Diastolic Area,399109006,CID_12240,G-0375,,CID_12240
SRT,399287000,Left Ventricular Fractional Area Change,399287000,CID_12240,G-0376,,CID_12240
SRT,399293008,"Left Ventricle Epicardial Diastolic Area, psax pap view",399293008,CID_12240,G-0379,,CID_12240
SRT,113259005,Tricuspid Annulus,113259005,CID_12241,T-35110,,CID_12241
SRT,77583004,Aortic Valve Ring,77583004,CID_12242,T-35410,,CID_12242
SRT,13418002,Left Ventricle Outflow Tract,13418002,CID_12243,T-32650,,CID_12243
SRT,30288003,Ventricular Septal Defect,30288003,CID_12244,D4-31150,,CID_12244
SRT,70142008,Atrial Septal Defect,70142008,CID_12244,D4-31220,,CID_12244
DCM,125195,Pediatric Cardiac Ultrasound Report,125195,CID_12245,,,CID_12245
DCM,125196,Fetal Cardiac Ultrasound Report,125196,CID_12245,,,CID_12245
DCM,125197,Adult Congenital Cardiac Ultrasound Report,125197,CID_12245,,,CID_12245
LN,59091-9,D-E Excursion,59091-9,CID_12251,C2923419,,CID_12251
LN,59109-9,Leaflet Separation,59109-9,CID_12251,C2923448,,CID_12251
LN,59110-7,Leaflet Thickness,59110-7,CID_12251,C2923450,,CID_12251
LN,59122-2,C-E Distance,59122-2,CID_12251,C2923472,,CID_12251
LN,10000-8,R wave duration in lead AVR,10000-8,,s,s,LOINC_db
LN,10001-6,R wave duration in lead I,10001-6,,s,s,LOINC_db
LN,10002-4,R wave duration in lead II,10002-4,,s,s,LOINC_db
LN,10003-2,R wave duration in lead III,10003-2,,s,s,LOINC_db
LN,10004-0,R wave duration in lead V1,10004-0,,s,s,LOINC_db
LN,10005-7,R wave duration in lead V2,10005-7,,s,s,LOINC_db
LN,10006-5,R wave duration in lead V3,10006-5,,s,s,LOINC_db
LN,10007-3,R wave duration in lead V4,10007-3,,s,s,LOINC_db
LN,10008-1,R wave duration in lead V5,10008-1,,s,s,LOINC_db
LN,10009-9,R wave duration in lead V6,10009-9,,s,s,LOINC_db
LN,10010-7,R' wave amplitude in lead AVF,10010-7,,mV,,LOINC_db
LN,10011-5,R' wave amplitude in lead AVL,10011-5,,mV,,LOINC_db
LN,10012-3,R' wave amplitude in lead AVR,10012-3,,mV,,LOINC_db
LN,10013-1,R' wave amplitude in lead I,10013-1,,mV,,LOINC_db
LN,10014-9,R' wave amplitude in lead II,10014-9,,mV,,LOINC_db
LN,10015-6,R' wave amplitude in lead III,10015-6,,mV,,LOINC_db
LN,10016-4,R' wave amplitude in lead V1,10016-4,,mV,,LOINC_db
LN,10017-2,R' wave amplitude in lead V2,10017-2,,mV,,LOINC_db
LN,10018-0,R' wave amplitude in lead V3,10018-0,,mV,,LOINC_db
LN,10019-8,R' wave amplitude in lead V4,10019-8,,mV,,LOINC_db
LN,10020-6,R' wave amplitude in lead V5,10020-6,,mV,,LOINC_db
LN,10021-4,R' wave amplitude in lead V6,10021-4,,mV,,LOINC_db
LN,10022-2,R' wave duration in lead AVF,10022-2,,s,s,LOINC_db
LN,100224-5,Cardiac left ventricular segmental wall motion by echo panel,100224-5,,nan,,LOINC_db
LN,10023-0,R' wave duration in lead AVL,10023-0,,s,s,LOINC_db
LN,10024-8,R' wave duration in lead AVR,10024-8,,s,s,LOINC_db
LN,10025-5,R' wave duration in lead I,10025-5,,s,s,LOINC_db
LN,10026-3,R' wave duration in lead II,10026-3,,s,s,LOINC_db
LN,10027-1,R' wave duration in lead III,10027-1,,s,s,LOINC_db
LN,10028-9,R' wave duration in lead V1,10028-9,,s,s,LOINC_db
LN,10029-7,R' wave duration in lead V2,10029-7,,s,s,LOINC_db
LN,10030-5,R' wave duration in lead V3,10030-5,,s,s,LOINC_db
LN,10031-3,R' wave duration in lead V4,10031-3,,s,s,LOINC_db
LN,10032-1,R' wave duration in lead V5,10032-1,,s,s,LOINC_db
LN,10033-9,R' wave duration in lead V6,10033-9,,s,s,LOINC_db
LN,10034-7,S wave amplitude in lead AVF,10034-7,,mV,,LOINC_db
LN,10035-4,S wave amplitude in lead AVL,10035-4,,mV,,LOINC_db
LN,10036-2,S wave amplitude in lead AVR,10036-2,,mV,,LOINC_db
LN,10037-0,S wave amplitude in lead I,10037-0,,mV,,LOINC_db
LN,10038-8,S wave amplitude in lead II,10038-8,,mV,,LOINC_db
LN,10039-6,S wave amplitude in lead III,10039-6,,mV,,LOINC_db
LN,10040-4,S wave amplitude in lead V1,10040-4,,mV,,LOINC_db
LN,10041-2,S wave amplitude in lead V2,10041-2,,mV,,LOINC_db
LN,10042-0,S wave amplitude in lead V3,10042-0,,mV,,LOINC_db
LN,10043-8,S wave amplitude in lead V4,10043-8,,mV,,LOINC_db
LN,10044-6,S wave amplitude in lead V5,10044-6,,mV,,LOINC_db
LN,100452-2,Clinical Cardiac Electrophysiology Outpatient Progress Note,100452-2,,nan,,LOINC_db
LN,10045-3,S wave amplitude in lead V6,10045-3,,mV,,LOINC_db
LN,10046-1,S wave duration in lead AVF,10046-1,,s,s,LOINC_db
LN,100472-0,Heart Failure+Transplant Cardiology Outpatient Progress Note,100472-0,,nan,,LOINC_db
LN,10047-9,S wave duration in lead AVL,10047-9,,s,s,LOINC_db
LN,100479-5,Interventional Cardiology Outpatient Progress Note,100479-5,,nan,,LOINC_db
LN,10048-7,S wave duration in lead AVR,10048-7,,s,s,LOINC_db
LN,10049-5,S wave duration in lead I,10049-5,,s,s,LOINC_db
LN,10050-3,S wave duration in lead II,10050-3,,s,s,LOINC_db
LN,100505-7,Pediatric Cardiology Outpatient Progress Note,100505-7,,nan,,LOINC_db
LN,10051-1,S wave duration in lead III,10051-1,,s,s,LOINC_db
LN,10052-9,S wave duration in lead V1,10052-9,,s,s,LOINC_db
LN,10053-7,S wave duration in lead V2,10053-7,,s,s,LOINC_db
LN,10054-5,S wave duration in lead V3,10054-5,,s,s,LOINC_db
LN,10055-2,S wave duration in lead V4,10055-2,,s,s,LOINC_db
LN,10056-0,S wave duration in lead V5,10056-0,,s,s,LOINC_db
LN,100560-2,Clinical Cardiac Electrophysiology Hospital Progress Note,100560-2,,nan,,LOINC_db
LN,10057-8,S wave duration in lead V6,10057-8,,s,s,LOINC_db
LN,100580-0,Heart Failure+Transplant Cardiology Hospital Progress Note,100580-0,,nan,,LOINC_db
LN,10058-6,S' wave amplitude in lead AVF,10058-6,,mV,,LOINC_db
LN,100587-5,Interventional Cardiology Hospital Progress Note,100587-5,,nan,,LOINC_db
LN,10059-4,S' wave amplitude in lead AVL,10059-4,,mV,,LOINC_db
LN,10060-2,S' wave amplitude in lead AVR,10060-2,,mV,,LOINC_db
LN,10061-0,S' wave amplitude in lead I,10061-0,,mV,,LOINC_db
LN,100613-9,Pediatric Cardiology Hospital Progress Note,100613-9,,nan,,LOINC_db
LN,10062-8,S' wave amplitude in lead II,10062-8,,mV,,LOINC_db
LN,10063-6,S' wave amplitude in lead III,10063-6,,mV,,LOINC_db
LN,10064-4,S' wave amplitude in lead V1,10064-4,,mV,,LOINC_db
LN,10065-1,S' wave amplitude in lead V2,10065-1,,mV,,LOINC_db
LN,10066-9,S' wave amplitude in lead V3,10066-9,,mV,,LOINC_db
LN,10067-7,S' wave amplitude in lead V4,10067-7,,mV,,LOINC_db
LN,10068-5,S' wave amplitude in lead V5,10068-5,,mV,,LOINC_db
LN,10069-3,S' wave amplitude in lead V6,10069-3,,mV,,LOINC_db
LN,10070-1,S' wave duration in lead AVF,10070-1,,s,s,LOINC_db
LN,10071-9,S' wave duration in lead AVL,10071-9,,s,s,LOINC_db
LN,10072-7,S' wave duration in lead AVR,10072-7,,s,s,LOINC_db
LN,10073-5,S' wave duration in lead I,10073-5,,s,s,LOINC_db
LN,10074-3,S' wave duration in lead II,10074-3,,s,s,LOINC_db
LN,10075-0,S' wave duration in lead III,10075-0,,s,s,LOINC_db
LN,10076-8,S' wave duration in lead V1,10076-8,,s,s,LOINC_db
LN,10077-6,S' wave duration in lead V2,10077-6,,s,s,LOINC_db
LN,10078-4,S' wave duration in lead V3,10078-4,,s,s,LOINC_db
LN,10079-2,S' wave duration in lead V4,10079-2,,s,s,LOINC_db
LN,10080-0,S' wave duration in lead V5,10080-0,,s,s,LOINC_db
LN,10081-8,S' wave duration in lead V6,10081-8,,s,s,LOINC_db
LN,10082-6,ST initial amplitude 6 ms in lead AVF,10082-6,,mV,,LOINC_db
LN,10083-4,ST initial amplitude 6 ms in lead AVL,10083-4,,mV,,LOINC_db
LN,10084-2,ST initial amplitude 6 ms in lead AVR,10084-2,,mV,,LOINC_db
LN,100853-1,NM Pericardial space Views for effusion,100853-1,,nan,,LOINC_db
LN,10085-9,ST initial amplitude 6 ms in lead I,10085-9,,mV,,LOINC_db
LN,10086-7,ST initial amplitude 6 ms in lead II,10086-7,,mV,,LOINC_db
LN,10087-5,ST initial amplitude 6 ms in lead III,10087-5,,mV,,LOINC_db
LN,100875-4,Fetal Heart Document limited US,100875-4,,nan,,LOINC_db
LN,100876-2,Fetal Heart Document US,100876-2,,nan,,LOINC_db
LN,100877-0,US Heart Transesophageal during surgery,100877-0,,nan,,LOINC_db
LN,10088-3,ST initial amplitude 6 ms in lead V1,10088-3,,mV,,LOINC_db
LN,10089-1,ST initial amplitude 6 ms in lead V2,10089-1,,mV,,LOINC_db
LN,10090-9,ST initial amplitude 6 ms in lead V3,10090-9,,mV,,LOINC_db
LN,10091-7,ST initial amplitude 6 ms in lead V4,10091-7,,mV,,LOINC_db
LN,10092-5,ST initial amplitude 6 ms in lead V5,10092-5,,mV,,LOINC_db
LN,10093-3,ST initial amplitude 6 ms in lead V6,10093-3,,mV,,LOINC_db
LN,10094-1,ST slope in lead AVF,10094-1,,mV/s,,LOINC_db
LN,10095-8,ST slope in lead AVL,10095-8,,mV/s,,LOINC_db
LN,10096-6,ST slope in lead AVR,10096-6,,mV/s,,LOINC_db
LN,10097-4,ST slope in lead I,10097-4,,mV/s,,LOINC_db
LN,10098-2,ST slope in lead II,10098-2,,mV/s,,LOINC_db
LN,10099-0,ST slope in lead III,10099-0,,mV/s,,LOINC_db
LN,10100-6,ST slope in lead V1,10100-6,,mV/s,,LOINC_db
LN,10101-4,ST slope in lead V2,10101-4,,mV/s,,LOINC_db
LN,101014-9,Clinical Cardiac Electrophysiology History and Physical Note,101014-9,,nan,,LOINC_db
LN,10102-2,ST slope in lead V3,10102-2,,mV/s,,LOINC_db
LN,10103-0,ST slope in lead V4,10103-0,,mV/s,,LOINC_db
LN,10104-8,ST slope in lead V5,10104-8,,mV/s,,LOINC_db
LN,10105-5,ST slope in lead V6,10105-5,,mV/s,,LOINC_db
LN,10106-3,ST wave end displacement in lead AVF,10106-3,,mV,,LOINC_db
LN,10107-1,ST wave end displacement in lead AVL,10107-1,,mV,,LOINC_db
LN,10108-9,ST wave end displacement in lead AVR,10108-9,,mV,,LOINC_db
LN,10109-7,ST wave end displacement in lead I,10109-7,,mV,,LOINC_db
LN,10110-5,ST wave end displacement in lead II,10110-5,,mV,,LOINC_db
LN,10111-3,ST wave end displacement in lead III,10111-3,,mV,,LOINC_db
LN,10112-1,ST wave end displacement in lead V1,10112-1,,mV,,LOINC_db
LN,10113-9,ST wave end displacement in lead V2,10113-9,,mV,,LOINC_db
LN,10114-7,ST wave end displacement in lead V3,10114-7,,mV,,LOINC_db
LN,101150-1,Right ventricular Cardiac output by Fick method,101150-1,,L/min,,LOINC_db
LN,101151-9,Right ventricular Cardiac output by Indicator dilution,101151-9,,L/min,,LOINC_db
LN,10115-4,ST wave end displacement in lead V4,10115-4,,mV,,LOINC_db
LN,10116-2,ST wave end displacement in lead V5,10116-2,,mV,,LOINC_db
LN,10117-0,ST wave end displacement in lead V6,10117-0,,mV,,LOINC_db
LN,10118-8,ST wave mid displacement in lead AVF,10118-8,,mV,,LOINC_db
LN,10119-6,ST wave mid displacement in lead AVL,10119-6,,mV,,LOINC_db
LN,10120-4,ST wave mid displacement in lead AVR,10120-4,,mV,,LOINC_db
LN,10121-2,ST wave mid displacement in lead I,10121-2,,mV,,LOINC_db
LN,10122-0,ST wave mid displacement in lead II,10122-0,,mV,,LOINC_db
LN,10123-8,ST wave mid displacement in lead III,10123-8,,mV,,LOINC_db
LN,10124-6,ST wave mid displacement in lead V1,10124-6,,mV,,LOINC_db
LN,10125-3,ST wave mid displacement in lead V2,10125-3,,mV,,LOINC_db
LN,10126-1,ST wave mid displacement in lead V3,10126-1,,mV,,LOINC_db
LN,10127-9,ST wave mid displacement in lead V4,10127-9,,mV,,LOINC_db
LN,10128-7,ST wave mid displacement in lead V5,10128-7,,mV,,LOINC_db
LN,10129-5,ST wave mid displacement in lead V6,10129-5,,mV,,LOINC_db
LN,10130-3,T' wave amplitude in lead AVF,10130-3,,mV,,LOINC_db
LN,10131-1,T' wave amplitude in lead AVL,10131-1,,mV,,LOINC_db
LN,10132-9,T' wave amplitude in lead AVR,10132-9,,mV,,LOINC_db
LN,10133-7,T' wave amplitude in lead I,10133-7,,mV,,LOINC_db
LN,10134-5,T' wave amplitude in lead II,10134-5,,mV,,LOINC_db
LN,10135-2,T' wave amplitude in lead III,10135-2,,mV,,LOINC_db
LN,10136-0,T' wave amplitude in lead V1,10136-0,,mV,,LOINC_db
LN,101375-4,Troponin I.cardiac [Mass concentration difference] in Serum or Plasma by Calculation --2H post baseline measurement,101375-4,,ng/dl,,LOINC_db
LN,10137-8,T' wave amplitude in lead V2,10137-8,,mV,,LOINC_db
LN,10138-6,T' wave amplitude in lead V3,10138-6,,mV,,LOINC_db
LN,10139-4,T' wave amplitude in lead V4,10139-4,,nan,,LOINC_db
LN,10140-2,T' wave amplitude in lead V5,10140-2,,nan,,LOINC_db
LN,10141-0,T' wave amplitude in lead V6,10141-0,,mV,,LOINC_db
LN,10142-8,T wave amplitude in lead AVF,10142-8,,mV,,LOINC_db
LN,10143-6,T wave amplitude in lead AVL,10143-6,,mV,,LOINC_db
LN,10144-4,T wave amplitude in lead AVR,10144-4,,mV,,LOINC_db
LN,10145-1,T wave amplitude in lead I,10145-1,,mV,,LOINC_db
LN,10146-9,T wave amplitude in lead II,10146-9,,mV,,LOINC_db
LN,10147-7,T wave amplitude in lead III,10147-7,,mV,,LOINC_db
LN,10148-5,T wave amplitude in lead V1,10148-5,,mV,,LOINC_db
LN,10149-3,T wave amplitude in lead V2,10149-3,,mV,,LOINC_db
LN,10150-1,T wave amplitude in lead V3,10150-1,,mV,,LOINC_db
LN,10151-9,T wave amplitude in lead V4,10151-9,,nan,,LOINC_db
LN,10152-7,T wave amplitude in lead V5,10152-7,,nan,,LOINC_db
LN,10153-5,T wave amplitude in lead V6,10153-5,,mV,,LOINC_db
LN,101577-5,Cardioversion report Heart Document,101577-5,,nan,,LOINC_db
LN,101578-3,Cardiac device monitoring report,101578-3,,nan,,LOINC_db
LN,101579-1,Heart Multisection transthoracic limited by US,101579-1,,nan,,LOINC_db
LN,101580-9,US Heart Transthoracic limited for congenital disease,101580-9,,nan,,LOINC_db
LN,101581-7,US Heart Transthoracic for congenital disease,101581-7,,nan,,LOINC_db
LN,10168-3,History of Cardiovascular system disorders Narrative,10168-3,,nan,,LOINC_db
LN,101865-4,Troponin T. cardiac 2H and 6H 5th generation panel in Serum or Plasma by High sensitivity method,101865-4,,nan,,LOINC_db
LN,101896-9,Heart Failure+Transplant Cardiology Procedure Note,101896-9,,nan,,LOINC_db
LN,10200-4,Physical findings of Heart Narrative,10200-4,,nan,,LOINC_db
LN,102209-4,Cashew nut IgE Ab [Presence] in Serum by Radioallergosorbent test (RAST),102209-4,,nan,,LOINC_db
LN,10230-1,Left ventricular Ejection fraction,10230-1,,%,%,LOINC_db
LN,10231-9,Right ventricular Ejection fraction,10231-9,,%,%,LOINC_db
LN,10233-5,Oxygen content in Left atrium,10233-5,,mol/L,,LOINC_db
LN,10234-3,Oxygen content in Right atrium,10234-3,,mol/L,,LOINC_db
LN,10235-0,Oxygen content in High right atrium,10235-0,,mol/L,,LOINC_db
LN,10236-8,Oxygen content in Low right atrium,10236-8,,mol/L,,LOINC_db
LN,10237-6,Oxygen content in Mid right atrium,10237-6,,mol/L,,LOINC_db
LN,10238-4,Oxygen content in Left ventricle,10238-4,,mol/L,,LOINC_db
LN,10239-2,Oxygen content in Right ventricular outflow tract,10239-2,,mol/L,,LOINC_db
LN,10240-0,Oxygen content in Right ventricle,10240-0,,mol/L,,LOINC_db
LN,10249-1,Heart rate device Institution inventory number,10249-1,,nan,,LOINC_db
LN,10250-9,Heart rate device Vendor model number,10250-9,,nan,,LOINC_db
LN,10251-7,Heart rate device Vendor serial number,10251-7,,nan,,LOINC_db
LN,103115-2,Cashew nut recombinant (rAna o) 3 IgE Ab [Presence] in Serum by Radioallergosorbent test (RAST),103115-2,,nan,,LOINC_db
LN,103544-3,Clinical Cardiac Electrophysiology Surgical Operation Note,103544-3,,nan,,LOINC_db
LN,104145-8,Left ventricular Ejection fraction - upper limit by US.2D.A2C+Estimated,104145-8,,%,%,LOINC_db
LN,104146-6,Left ventricular Ejection fraction - upper limit by US.2D.A3C+Estimated,104146-6,,%,%,LOINC_db
LN,104147-4,Left ventricular Ejection fraction - upper limit by US.3D.A3C+Estimated,104147-4,,%,%,LOINC_db
LN,104148-2,Left ventricular Ejection fraction - upper limit by US.3D.A4C+Estimated,104148-2,,%,%,LOINC_db
LN,104149-0,Left ventricular Ejection fraction by US.2D.A2C+Calculated by biplane method,104149-0,,%,%,LOINC_db
LN,104150-8,Left ventricular Ejection fraction by US.2D.A3C+Calculated by biplane method,104150-8,,%,%,LOINC_db
LN,104151-6,Left ventricular Ejection fraction by US.2D.A4C+Calculed by biplane method,104151-6,,%,%,LOINC_db
LN,104152-4,Left ventricular Ejection fraction by US.3D.A2C+Calculated by biplane method,104152-4,,%,%,LOINC_db
LN,104153-2,Left ventricular Ejection fraction by US.3D.A3C+Calculated by biplane method,104153-2,,%,%,LOINC_db
LN,104154-0,Left ventricular Ejection fraction by US.3D.A4C+Calculated by biplane method,104154-0,,%,%,LOINC_db
LN,104155-7,Left ventricular Ejection fraction - upper limit by US.3D.A2C+Estimated,104155-7,,%,%,LOINC_db
LN,104157-3,Left ventricular Ejection fraction - upper limit by US.2D.A4C+Estimated,104157-3,,%,%,LOINC_db
LN,104159-9,Left ventricular Maximum longitudinal strain by US.2D+Calculated by average triplane method,104159-9,,%,%,LOINC_db
LN,104160-7,Left ventricular End-systolic volume (by US.2D.A2C+Calculated by biplane area-length method)/Body surface area,104160-7,,mL/m2,mL/m2,LOINC_db
LN,104161-5,Left ventricular End-systolic volume/Body surface area [Volume/Area] by US.2D.A4C+Calculated by biplane area-length method,104161-5,,mL/m2,mL/m2,LOINC_db
LN,104162-3,Left ventricular End-systolic volume/Body surface area [Volume/Area] by US.3D.A2C+Calculated by biplane area-length method,104162-3,,mL/m2,mL/m2,LOINC_db
LN,104163-1,Left ventricular End-systolic volume/Body surface area [Volume/Area] by US.3D.A4C+Calculated by biplane area-length method,104163-1,,mL/m2,mL/m2,LOINC_db
LN,104164-9,Pulmonary artery Pressure by US.doppler,104164-9,,mm[Hg],,LOINC_db
LN,104165-6,Aortic valve Orifice area/Body surface area [Area/Area] by US 2D,104165-6,,cm2/m2,,LOINC_db
LN,104210-0,Diagnostic multisection transesophageal and cardioversion panel Heart,104210-0,,nan,,LOINC_db
LN,104211-8,Heart Multisection transesophageal for congenital disease Document by US --W agitated saline IV,104211-8,,nan,,LOINC_db
LN,104243-1,Left ventricular Ejection fraction - lower limit by US.2D.A3C+Estimated,104243-1,,%,%,LOINC_db
LN,104244-9,Left ventricular Ejection fraction - lower limit by US.2D.A4C+Estimated,104244-9,,%,%,LOINC_db
LN,104245-6,Left ventricular Ejection fraction - lower limit by US.3D.A2C+Estimated,104245-6,,%,%,LOINC_db
LN,104246-4,Left ventricular Ejection fraction - lower limit by US.3D.A3C+Estimated,104246-4,,%,%,LOINC_db
LN,104247-2,Left ventricular Ejection fraction - lower limit by US.3D.A4C+Estimated,104247-2,,%,%,LOINC_db
LN,104251-4,Left ventricular Ejection fraction by US.2D.A2C+Estimated,104251-4,,%,%,LOINC_db
LN,104252-2,Left ventricular Ejection fraction by US.2D.A3C+Estimated,104252-2,,%,%,LOINC_db
LN,104253-0,Left ventricular Ejection fraction by US.2D.A4C Estimated,104253-0,,%,%,LOINC_db
LN,104254-8,Left ventricular Ejection fraction by US.3D.A2C+Estimated,104254-8,,%,%,LOINC_db
LN,104255-5,Left ventricular Ejection fraction by US.3D.A3C+Estimated,104255-5,,%,%,LOINC_db
LN,104256-3,Left ventricular Ejection fraction by US.3D.A4C+Estimated,104256-3,,%,%,LOINC_db
LN,104258-9,Left ventricular Ejection fraction - lower limit by US.2D.A2C+Estimated,104258-9,,%,%,LOINC_db
LN,104262-1,Diagnostic peripheral vascular disease study Heart,104262-1,,nan,,LOINC_db
LN,104867-7,PET+CT Heart metabolic,104867-7,,nan,,LOINC_db
LN,104868-5,PET+CT Heart perfusion W multiple studies at rest+W stress,104868-5,,nan,,LOINC_db
LN,104996-4,Aorta Coarctation.pressure gradient.mean by US,104996-4,,mm[Hg],,LOINC_db
LN,104997-2,Aorta Coarctation.pressure gradient.corrected by US,104997-2,,mm[Hg],,LOINC_db
LN,104998-0,Main pulmonary artery Peak pressure gradient by US,104998-0,,mm[Hg],,LOINC_db
LN,104999-8,Right pulmonary artery Peak pressure gradient by US,104999-8,,mm[Hg],,LOINC_db
LN,105000-4,Left pulmonary artery Peak pressure gradient by US,105000-4,,mm[Hg],,LOINC_db
LN,105001-2,Left main coronary artery Diameter by US,105001-2,,mm,mm,LOINC_db
LN,105002-0,Anterior descending artery.left Diameter by US,105002-0,,mm,mm,LOINC_db
LN,105003-8,Circumflex artery.left Diameter by US,105003-8,,mm,mm,LOINC_db
LN,105004-6,Coronary artery.right Diameter by US,105004-6,,mm,mm,LOINC_db
LN,105005-3,Patent ductus arteriosis Peak pressure gradient by US,105005-3,,mm[Hg],,LOINC_db
LN,105006-1,Patent ductus arteriosis Mean pressure gradient by US,105006-1,,mm[Hg],,LOINC_db
LN,105007-9,Aortic valve Fenestration.pressure gradient.mean by US,105007-9,,mm[Hg],,LOINC_db
LN,105167-1,MR Heart cine for function WO contrast,105167-1,,nan,,LOINC_db
LN,105168-9,MR Heart cine for function WO and W contrast IV,105168-9,,nan,,LOINC_db
LN,105169-7,MR Heart cine for function W contrast IV,105169-7,,nan,,LOINC_db
LN,105170-5,MRA Heart WO contrast IV,105170-5,,nan,,LOINC_db
LN,105171-3,MRA Heart W contrast IV,105171-3,,nan,,LOINC_db
LN,105172-1,MRA Heart WO and W contrast IV,105172-1,,nan,,LOINC_db
LN,105173-9,MR Heart cine for blood flow velocity mapping WO contrast IV,105173-9,,nan,,LOINC_db
LN,105174-7,MR Heart cine for blood flow velocity mapping WO and W contrast IV,105174-7,,nan,,LOINC_db
LN,105224-0,Mycobacterium sp identified in Pericardial fluid by Organism specific culture,105224-0,,nan,,LOINC_db
LN,105668-8,Nocardia sp DNA [Presence] in Specimen by NAA with probe detection,105668-8,,nan,,LOINC_db
LN,105739-7,Cytomegalovirus DNA [Presence] in Pericardial fluid by NAA with probe detection,105739-7,,nan,,LOINC_db
LN,105740-5,Adenovirus DNA [Presence] in Pericardial fluid by NAA with probe detection,105740-5,,nan,,LOINC_db
LN,105741-3,Epstein Barr virus DNA [Presence] in Pericardial fluid by NAA with probe detection,105741-3,,nan,,LOINC_db
LN,105742-1,Epstein Barr virus DNA [#/volume] (viral load) in Pericardial fluid by NAA with probe detection,105742-1,,{copies}/mL,,LOINC_db
LN,105743-9,Herpes virus 6 DNA [Presence] in Pericardial fluid by NAA with probe detection,105743-9,,nan,,LOINC_db
LN,105744-7,Parvovirus B19 DNA [Presence] in Pericardial fluid by NAA with probe detection,105744-7,,nan,,LOINC_db
LN,106637-2,Was the patient or responsible party asked about preference regarding the use of cardiopulmonary resuscitation during assessment period [CMS Assessment],106637-2,,nan,,LOINC_db
LN,106733-9,"Troponin I.cardiac [Mass/volume] in Serum, Plasma or Blood by Rapid immunoassay",106733-9,,ug/L,,LOINC_db
LN,106734-7,"Troponin T.cardiac [Mass/volume] in Serum, Plasma or Blood by Rapid immunoassay",106734-7,,ug/L,,LOINC_db
LN,106745-3,Right ventricular End-diastolic volume fraction by MR,106745-3,,%,%,LOINC_db
LN,106746-1,Left ventricular End-diastolic volume by MR,106746-1,,mL,mL,LOINC_db
LN,106747-9,Right ventricular End-diastolic volume by MR,106747-9,,mL,mL,LOINC_db
LN,106748-7,Left ventricular End-diastolic volume index by MR,106748-7,,%,%,LOINC_db
LN,106749-5,Left ventricular End-systolic volume by MR,106749-5,,mL,mL,LOINC_db
LN,106750-3,Right ventricular End-systolic volume by MR,106750-3,,mL,mL,LOINC_db
LN,106751-1,Left ventricular End-systolic volume index by MR,106751-1,,%,%,LOINC_db
LN,106752-9,Right ventricular End-systolic volume index by MR,106752-9,,%,%,LOINC_db
LN,106753-7,Right ventricular End-systolic frame [Time] by MR,106753-7,,mm,mm,LOINC_db
LN,106754-5,Left ventricular End-systolic frame [Time] by MR,106754-5,,mm,mm,LOINC_db
LN,106755-2,Right ventricular End-diastolic frame [Time] by MR,106755-2,,mm,mm,LOINC_db
LN,106756-0,Left ventricular End-diastolic frame [Time] by MR,106756-0,,mm,mm,LOINC_db
LN,106757-8,Right ventricular Mass index by MR,106757-8,,g/m2,g/m2,LOINC_db
LN,106758-6,Left ventricular Mass index by MR,106758-6,,g/m2,g/m2,LOINC_db
LN,106759-4,Right ventricular Mass by MR,106759-4,,g,g,LOINC_db
LN,106760-2,Left ventricular Mass by MR,106760-2,,g,g,LOINC_db
LN,106761-0,Right ventricular Cardiac output by MR,106761-0,,L/min,,LOINC_db
LN,106764-4,Heart Shunt lesion type by US,106764-4,,nan,,LOINC_db
LN,106765-1,Heart Shunt size by US,106765-1,,nan,,LOINC_db
LN,106766-9,Heart Shunt directionality by US,106766-9,,nan,,LOINC_db
LN,106767-7,Ascending thoracic aorta Diameter by MR,106767-7,,cm;mm,,LOINC_db
LN,106770-1,Aorta root Diameter by MR,106770-1,,cm;mm,,LOINC_db
LN,106771-9,Tricuspid valve Stenosis degree by US,106771-9,,nan,,LOINC_db
LN,106772-7,Left ventricular Ventricular function by US,106772-7,,nan,,LOINC_db
LN,106773-5,Right ventricular Ventricular function by US,106773-5,,nan,,LOINC_db
LN,106906-1,"Troponin I.cardiac [Mass/volume] in Serum, Plasma or Blood by High sensitivity method",106906-1,,ng/L,,LOINC_db
LN,107291-7,RF Guidance for insertion of cardiac pacemaker of Heart,107291-7,,nan,,LOINC_db
LN,107383-2,PET+CT Heart Views,107383-2,,nan,,LOINC_db
LN,107385-7,PT Heart Views,107385-7,,nan,,LOINC_db
LN,107407-9,RF Guidance for repositioning pacemaker lead in Heart,107407-9,,nan,,LOINC_db
LN,107437-6,MR Heart and Liver WO and W contrast IV,107437-6,,nan,,LOINC_db
LN,107483-0,Leukocytes [Presence] in Pericardial fluid by Light microscopy,107483-0,,nan,,LOINC_db
LN,107484-8,Epithelial cells [Presence] in Pericardial fluid by Light microscopy,107484-8,,nan,,LOINC_db
LN,107485-5,Yeast [Presence] in Pericardial fluid by Light microscopy,107485-5,,nan,,LOINC_db
LN,107547-2,Comprehensive cardiomyopathy multigene analysis in Blood or Tissue by Molecular genetics method,107547-2,,nan,,LOINC_db
LN,107549-8,Arrhythmogenic cardiomyopathy multigene analysis in Blood or Tissue by Molecular genetics method,107549-8,,nan,,LOINC_db
LN,107586-0,Nocardia and actinomyces sp [Identifier] in Lower respiratory specimen by Organism specific culture,107586-0,,nan,,LOINC_db
LN,107587-8,Nocardia and actinomyces sp [Identifier] in Bronchoalveolar lavage by Organism specific culture,107587-8,,nan,,LOINC_db
LN,107592-8,Microscopic observation [Identifier] in Pericardial fluid by Acid fast stain.Kinyoun modified,107592-8,,nan,,LOINC_db
LN,107857-5,Cashew nut IgG Ab [Units/volume] in Serum or Plasma by Immunoassay,107857-5,,[arb'U]/mL,,LOINC_db
LN,112155-7,Cashew nut IgE Ab [Units/volume] in Serum or Plasma by Immunoassay,112155-7,,[arb'U]/mL,,LOINC_db
LN,112897-4,Nocardia sp identified in Bronchoalveolar lavage by Organism specific culture,112897-4,,nan,,LOINC_db
LN,112906-3,Cashew (Ana o) 2 IgE Ab [Units/volume] in Serum or Plasma by Immunoassay,112906-3,,[arb'U]/mL,,LOINC_db
LN,113002-0,Cashew (Anacardium occidentale) Ana o 3 IgE Ab [Units/volume] in Serum or Plasma by Immunoassay,113002-0,,[arb'U]/mL,,LOINC_db
LN,113065-7,Gram negative bacilli [Presence] in Pericardial fluid by Gram stain,113065-7,,nan,,LOINC_db
LN,113066-5,Gram positive bacilli [Presence] in Pericardial fluid by Gram stain,113066-5,,nan,,LOINC_db
LN,113067-3,Gram negative bacteria [Presence] in Pericardial fluid by Gram stain,113067-3,,nan,,LOINC_db
LN,11390-2,Physical findings of Cardiovascular system Narrative,11390-2,,nan,,LOINC_db
LN,11405-8,Deprecated Physical findings: Find: Pt: Heart: Nar: Observed,11405-8,,nan,,LOINC_db
LN,11421-5,Physical findings of Cardiovascular system,11421-5,,nan,,LOINC_db
LN,11436-3,Deprecated Physical findings: Find: Pt: Heart: Nom: Observed,11436-3,,nan,,LOINC_db
LN,114779-2,Nocardia sp DNA [Presence] in Specimen by Molgen,114779-2,,nan,,LOINC_db
LN,115152-1,Encephalomyocarditis virus RNA [Presence] in Specimen by Molgen,115152-1,,nan,,LOINC_db
LN,11522-0,Deprecated Cardiac echo study,11522-0,,nan,,LOINC_db
LN,11524-6,EKG study,11524-6,,nan,,LOINC_db
LN,115545-6,Cardiothoracic Surgery Progress Note,115545-6,,nan,,LOINC_db
LN,115546-4,Cardiothoracic Surgery Outpatient Progress Note,115546-4,,nan,,LOINC_db
LN,115581-1,Beta 2 glycoprotein 1 and cardiolipin Ab panel - Serum or Plasma by Immunoassay,115581-1,,nan,,LOINC_db
LN,11615-2,Fetal Heart Activity US,11615-2,,nan,,LOINC_db
LN,11616-0,Fetal Heart Narrative Activity US,11616-0,,nan,,LOINC_db
LN,11641-8,Fetal Mitral valve Peak A wave US.doppler,11641-8,,cm/s,cm/s,LOINC_db
LN,11642-6,Deprecated Mitral valve Blood flow.diastolic.atrial wave.max by US.doppler,11642-6,,nan,,LOINC_db
LN,11643-4,Fetal Tricuspid valve Peak A wave US.doppler,11643-4,,nan,,LOINC_db
LN,11644-2,Deprecated Tricuspid valve Peak A velocity US.doppler,11644-2,,nan,,LOINC_db
LN,11645-9,Fetal Mitral valve Peak E wave US.doppler,11645-9,,cm/s,cm/s,LOINC_db
LN,11646-7,Deprecated Mitral valve Peak E velocity US.doppler,11646-7,,nan,,LOINC_db
LN,11647-5,Fetal Tricuspid valve Peak E wave US.doppler,11647-5,,nan,,LOINC_db
LN,11648-3,Deprecated Tricuspid valve Peak E velocity US.doppler,11648-3,,nan,,LOINC_db
LN,11649-1,Fetal Mitral valve E-wave/A-wave US.doppler,11649-1,,{ratio},,LOINC_db
LN,11650-9,Deprecated Mitral valve Blood flow.diastolic.early wave/Atrial wave Doppler.measured,11650-9,,nan,,LOINC_db
LN,11651-7,Fetal Tricuspid valve E-wave/A-wave US.doppler,11651-7,,{ratio},,LOINC_db
LN,11652-5,Deprecated Tricuspid valve Blood flow.diastolic.early wave/Atrial wave Doppler.measured,11652-5,,nan,,LOINC_db
LN,11678-0,Pulmonic valve Mean blood flow velocity by US.doppler,11678-0,,m/s; cm/s,,LOINC_db
LN,11679-8,Fetal Left ventricular outflow tract Mean blood flow velocity US.doppler,11679-8,,cm/s,cm/s,LOINC_db
LN,11680-6,Deprecated Left ventricular outflow tract Mean blood flow Doppler.measured,11680-6,,nan,,LOINC_db
LN,11681-4,Fetal Right ventricular outflow tract Mean blood flow velocity US.doppler,11681-4,,cm/s,cm/s,LOINC_db
LN,11682-2,Deprecated Right ventricular outflow tract Mean blood flow Doppler.measured,11682-2,,nan,,LOINC_db
LN,11705-1,Fetal Aortic valve Peak systolic flow velocity US.doppler,11705-1,,cm/s,cm/s,LOINC_db
LN,11706-9,Aortic valve Peak systolic flow by US.doppler,11706-9,,m/s; cm/s,,LOINC_db
LN,11707-7,Fetal Mitral valve Peak systolic flow velocity US.doppler,11707-7,,cm/s,cm/s,LOINC_db
LN,11708-5,Mitral valve Peak systolic flow velocity by US.doppler,11708-5,,m/s; cm/s,,LOINC_db
LN,11710-1,Pulmonic valve Peak systolic flow velocity by US.doppler,11710-1,,m/s; cm/s,,LOINC_db
LN,11711-9,Fetal Tricuspid valve Peak systolic flow velocity US.doppler,11711-9,,cm/s,cm/s,LOINC_db
LN,11712-7,Tricuspid valve Peak systolic flow velocity by US.doppler,11712-7,,m/s; cm/s,,LOINC_db
LN,11713-5,Fetal Left ventricular outflow tract Peak systolic flow velocity US.doppler,11713-5,,cm/s,cm/s,LOINC_db
LN,11714-3,Deprecated Left ventricular outflow tract Peak systolic flow Doppler.measured,11714-3,,nan,,LOINC_db
LN,11715-0,Fetal Right ventricular outflow tract Peak systolic flow velocity US.doppler,11715-0,,cm/s,cm/s,LOINC_db
LN,11716-8,Deprecated Right ventricular outflow tract Peak systolic flow Doppler.measured,11716-8,,nan,,LOINC_db
LN,11794-5,Fetal Aortic valve Diameter US,11794-5,,cm,cm,LOINC_db
LN,11795-2,Aortic valve Diameter by US,11795-2,,cm,cm,LOINC_db
LN,11796-0,Fetal Mitral valve Diameter US,11796-0,,mm,mm,LOINC_db
LN,11797-8,Deprecated Mitral valve Diameter by US,11797-8,,nan,,LOINC_db
LN,11799-4,Pulmonic valve Diameter by US,11799-4,,mm,mm,LOINC_db
LN,11800-0,Fetal Tricuspid valve Diameter US,11800-0,,mm,mm,LOINC_db
LN,11801-8,Tricuspid valve Diameter by US,11801-8,,cm,cm,LOINC_db
LN,11802-6,Fetal Left ventricular outflow tract Diameter US.doppler,11802-6,,mm,mm,LOINC_db
LN,11803-4,Left ventricular outflow tract Diameter US.doppler,11803-4,,mm,mm,LOINC_db
LN,11804-2,Fetal Right ventricular outflow tract Diameter US,11804-2,,mm,mm,LOINC_db
LN,11805-9,Right ventricular outflow tract Diameter US,11805-9,,cm,cm,LOINC_db
LN,12009-7,Fetal Heart R-R duration US,12009-7,,s,s,LOINC_db
LN,12024-6,Left ventricle [Length] Minor axis.diastole US.M-mode+Measured,12024-6,,mm,mm,LOINC_db
LN,12025-3,Left ventricle [Length] Minor axis.diastole Measured by real time two dimension US,12025-3,,mm,mm,LOINC_db
LN,12026-1,Left ventricle [Length] Short axis during systole US.M-mode+Measured,12026-1,,mm,mm,LOINC_db
LN,12027-9,Left ventricle [Length] Minor axis during systole Measured by real time two dimension US,12027-9,,mm,mm,LOINC_db
LN,12071-7,Fetal Aortic valve Study observation US,12071-7,,nan,,LOINC_db
LN,12072-5,Fetal Aortic valve Narrative Study observation US,12072-5,,nan,,LOINC_db
LN,12073-3,Fetal Atrium Study observation US,12073-3,,nan,,LOINC_db
LN,12074-1,Fetal Atrium Narrative Study observation US,12074-1,,nan,,LOINC_db
LN,12075-8,Fetal Heart chambers Study observation US,12075-8,,nan,,LOINC_db
LN,12076-6,Fetal Heart chambers Narrative Study observation US,12076-6,,nan,,LOINC_db
LN,12077-4,Fetal Heart great vessels Study observation US,12077-4,,nan,,LOINC_db
LN,12078-2,Fetal Heart great vessels Narrative Study observation US,12078-2,,nan,,LOINC_db
LN,12079-0,Fetal Interventricular septum Study observation US,12079-0,,nan,,LOINC_db
LN,12080-8,Fetal Interventricular septum Narrative Study observation US,12080-8,,nan,,LOINC_db
LN,12081-6,Fetal Mitral valve Study observation US,12081-6,,nan,,LOINC_db
LN,12082-4,Fetal Mitral valve Narrative Study observation US,12082-4,,nan,,LOINC_db
LN,12084-0,Fetal Tricuspid valve Study observation US,12084-0,,nan,,LOINC_db
LN,12085-7,Fetal Tricuspid valve Narrative Study observation US,12085-7,,nan,,LOINC_db
LN,12086-5,Fetal Heart valves Study observation US,12086-5,,nan,,LOINC_db
LN,12087-3,Fetal Heart valves Narrative Study observation US,12087-3,,nan,,LOINC_db
LN,12088-1,Fetal Left ventricular outflow tract Study observation US,12088-1,,nan,,LOINC_db
LN,12089-9,Fetal Left ventricular outflow tract Narrative Study observation US,12089-9,,nan,,LOINC_db
LN,12090-7,Fetal Right ventricular outflow tract Study observation US,12090-7,,nan,,LOINC_db
LN,12091-5,Fetal Right ventricular outflow tract Narrative Study observation US,12091-5,,nan,,LOINC_db
LN,12148-3,Fetal Interventricular septum Thickness diastolic US.M-mode+Measured,12148-3,,mm,mm,LOINC_db
LN,12149-1,Fetal Interventricular septum Thickness diastolic Measured by real time two dimension US,12149-1,,mm,mm,LOINC_db
LN,12150-9,Fetal Left ventricular posterior wall Thickness diastolic US.M-mode+Measured,12150-9,,mm,mm,LOINC_db
LN,12151-7,Fetal Left ventricular posterior wall Thickness diastolic Measured by real time two dimension US,12151-7,,mm,mm,LOINC_db
LN,12152-5,Fetal Interventricular septum Thickness.systolic US.M-mode+Measured,12152-5,,mm,mm,LOINC_db
LN,12153-3,Fetal Interventricular septum Thickness.systolic Measured by real time two dimension US,12153-3,,mm,mm,LOINC_db
LN,12154-1,Fetal Left ventricular posterior wall Thickness.systolic US.M-mode+Measured,12154-1,,mm,mm,LOINC_db
LN,12155-8,Fetal Left ventricular posterior wall Thickness.systolic Measured by real time two dimension US,12155-8,,mm,mm,LOINC_db
LN,14226-5,Nocardia sp identified in Isolate by Organism specific culture,14226-5,,nan,,LOINC_db
LN,14713-2,Erythrocytes [#/volume] in Pericardial fluid by Manual count,14713-2,,/uL,,LOINC_db
LN,14811-4,Leukocytes [#/volume] in Pericardial fluid by Manual count,14811-4,,/uL,,LOINC_db
LN,14818-9,Lymphocytes/Leukocytes in Pericardial fluid by Manual count,14818-9,,%,%,LOINC_db
LN,14828-8,Mesothelial cells/Leukocytes in Pericardial fluid by Manual count,14828-8,,%,%,LOINC_db
LN,14847-8,Neutrophils/Leukocytes in Pericardial fluid by Manual count,14847-8,,%,%,LOINC_db
LN,14857-7,Leukocytes other/Leukocytes in Pericardial fluid by Manual count,14857-7,,%,%,LOINC_db
LN,15252-0,Food Allergen Mix 22 (Cashew+Pecan or Hickory nut+Walnut+Pistachio) IgE Ab [Presence] in Serum by Multidisk,15252-0,,nan,,LOINC_db
LN,17977-0,Left atrial Area by US.2D.A4C,17977-0,,cm2,cm2,LOINC_db
LN,17978-8,Mitral valve Peak A wave by US.doppler,17978-8,,nan,,LOINC_db
LN,17979-6,Anterior mitral valve leaflet A-C interval by US.M-mode,17979-6,,ms,ms,LOINC_db
LN,17980-4,Anterior mitral valve leaflet A-C slope [Velocity] by US.M-mode,17980-4,,nan,,LOINC_db
LN,17981-2,Aortic valve Acceleration by US.doppler,17981-2,,ms,ms,LOINC_db
LN,17982-0,Pulmonic valve Acceleration by US.doppler,17982-0,,ms,ms,LOINC_db
LN,17983-8,Tricuspid valve Acceleration by US.doppler,17983-8,,ms,ms,LOINC_db
LN,17984-6,Aortic valve area method,17984-6,,nan,,LOINC_db
LN,17985-3,Left atrial AP dimension.left atrium/AP dimension.aorta root by US,17985-3,,{ratio},,LOINC_db
LN,17986-1,Left ventricular Maximum Apical 2 chamber.diastole [Volume] by US 2D modified,17986-1,,mL,mL,LOINC_db
LN,17987-9,Left ventricular Apical 2 chamber.systole.minimum [Volume] by US 2D modified,17987-9,,mL,mL,LOINC_db
LN,17988-7,Right atrial Apical 4 chamber [Area] by US 2D,17988-7,,cm2,cm2,LOINC_db
LN,17989-5,Left ventricular Maximum Apical 4 chamber.diastole [Volume] by US 2D modified,17989-5,,mL,mL,LOINC_db
LN,17990-3,Left ventricular Apical 4 chamber.systole.minimum [Volume] by US 2D modified,17990-3,,mL,mL,LOINC_db
LN,17991-1,Left ventricular Cardiac echo volume method,17991-1,,nan,,LOINC_db
LN,17992-9,Aorta root Cardiac output by US.doppler,17992-9,,L/min,,LOINC_db
LN,17993-7,Mitral valve Cardiac output by US.doppler,17993-7,,L/min,,LOINC_db
LN,17994-5,Pulmonary artery Cardiac output by US,17994-5,,L/min,,LOINC_db
LN,17995-2,Aorta Maximum coarctation pressure gradient by US.doppler,17995-2,,mm[Hg],,LOINC_db
LN,17996-0,Aortic valve Maximum cusp separation [Length] by US,17996-0,,mm,mm,LOINC_db
LN,17997-8,Anterior mitral valve leaflet D-E excursion [Length] by US.M-mode,17997-8,,mm,mm,LOINC_db
LN,17998-6,Aortic valve Regurgitant jet deceleration [Time] by US.doppler,17998-6,,ms,ms,LOINC_db
LN,17999-4,Mitral valve Deceleration [Time] by US.doppler,17999-4,,ms,ms,LOINC_db
LN,18000-0,Tricuspid valve Deceleration [Time] by US.doppler,18000-0,,ms,ms,LOINC_db
LN,18001-8,Mitral valve Deceleration.pressure.half time by US.doppler,18001-8,,ms,ms,LOINC_db
LN,18002-6,Mitral valve Deceleration slope [Acceleration] by US.doppler,18002-6,,nan,,LOINC_db
LN,18003-4,Aortic valve Regurgitant deceleration time slope by US.doppler,18003-4,,nan,,LOINC_db
LN,18004-2,Atrial septum Defect diameter by US,18004-2,,mm,mm,LOINC_db
LN,18005-9,Ventricular septal Defect diameter by US,18005-9,,mm,mm,LOINC_db
LN,18006-7,Inferior vena cava Diameter by US,18006-7,,cm,cm,LOINC_db
LN,18007-5,Superior vena cava Diameter by US,18007-5,,cm,cm,LOINC_db
LN,18008-3,Ventricular septal Defect.pressure gradient.systole.maximum by US.doppler,18008-3,,mm[Hg],,LOINC_db
LN,18009-1,Ventricular septal Defect.pressure gradient.systole.mean by US.doppler,18009-1,,mm[Hg],,LOINC_db
LN,18010-9,Aorta Diameter by US,18010-9,,cm,cm,LOINC_db
LN,18011-7,Aorta arch and Neck Diameter by US,18011-7,,cm,cm,LOINC_db
LN,18012-5,Ascending thoracic aorta Diameter by US,18012-5,,cm,cm,LOINC_db
LN,18013-3,Descending thoracic aorta Diameter by US,18013-3,,cm,cm,LOINC_db
LN,18014-1,Aorta isthmus Diameter by US,18014-1,,cm,cm,LOINC_db
LN,18015-8,Aorta root annulo-aortic junction Diameter by US,18015-8,,cm,cm,LOINC_db
LN,18016-6,Aortic valve annulus Diameter by US,18016-6,,cm,cm,LOINC_db
LN,18017-4,Mitral valve annulus Diameter by US,18017-4,,cm,cm,LOINC_db
LN,18018-2,Left ventricular outflow tract Diameter by US,18018-2,,cm,cm,LOINC_db
LN,18019-0,Left pulmonary artery Diameter by US,18019-0,,cm,cm,LOINC_db
LN,18020-8,Main pulmonary artery Diameter by US,18020-8,,cm,cm,LOINC_db
LN,18021-6,Right pulmonary artery Diameter by US,18021-6,,cm,cm,LOINC_db
LN,18022-4,Pulmonic valve annulus Diameter by US,18022-4,,cm,cm,LOINC_db
LN,18023-2,Tricuspid valve annulus Diameter by US,18023-2,,cm,cm,LOINC_db
LN,18024-0,Left atrial Diameter anterior-posterior systole by US.M-mode,18024-0,,mm,mm,LOINC_db
LN,18025-7,Heart Diameter anterior-posterior systole/Aortic root diameter by US,18025-7,,{ratio},,LOINC_db
LN,18026-5,Left ventricular End-diastolic volume by US,18026-5,,mL,mL,LOINC_db
LN,18027-3,Left ventricular End-diastolic volume by US.2D+Calculated by single-plane ellipse method,18027-3,,mL,mL,LOINC_db
LN,18028-1,Left ventricular End-diastolic volume by US.2D+Calculated by biplane ellipse method,18028-1,,mL,mL,LOINC_db
LN,18029-9,Left ventricular End-diastolic volume by US 2D modified,18029-9,,mL,mL,LOINC_db
LN,18030-7,Tricuspid valve Peak A wave by US.doppler,18030-7,,nan,,LOINC_db
LN,18031-5,Tricuspid valve Peak E wave by US.doppler,18031-5,,nan,,LOINC_db
LN,18032-3,Tricuspid valve Pressure half time during diastole by US.doppler,18032-3,,ms,ms,LOINC_db
LN,18033-1,Left ventricular Diastole-systole [Volume] by US,18033-1,,mL,mL,LOINC_db
LN,18034-9,Tricuspid valve regurgitant jet dP/dT (1 M/S to 3 M/S).systole [Pressure rate] by US.doppler,18034-9,,{ratio},,LOINC_db
LN,18035-6,Mitral valve regurgitant jet dP/dT (1M/S to 3 M/S) [Pressure rate] by US.doppler continuous wave,18035-6,,{ratio},,LOINC_db
LN,18036-4,Anterior mitral valve leaflet E point to septal separation [Time] by US.M-mode,18036-4,,mm,mm,LOINC_db
LN,18037-2,Mitral valve Peak E wave by US.doppler,18037-2,,nan,,LOINC_db
LN,18038-0,Mitral valve Peak E wave/Peak A wave by US.doppler,18038-0,,{index};{ratio},,LOINC_db
LN,18039-8,Tricuspid valve Peak E wave/Peak A wave by US.doppler,18039-8,,{index};{ratio},,LOINC_db
LN,18040-6,Anterior mitral valve leaflet E-F slope [Velocity] by US.M-mode,18040-6,,nan,,LOINC_db
LN,18041-4,Aortic valve Ejection time by US.doppler,18041-4,,ms,ms,LOINC_db
LN,18042-2,Pulmonic valve Ejection time by US.doppler,18042-2,,ms,ms,LOINC_db
LN,18043-0,Left ventricular Ejection fraction by US,18043-0,,%,%,LOINC_db
LN,18044-8,Left ventricular Ejection fraction by US.2D+Calculated by single-plane ellipse method,18044-8,,%,%,LOINC_db
LN,18045-5,Left ventricular Ejection fraction by US.2D+Calculated by biplane ellipse method,18045-5,,%,%,LOINC_db
LN,18046-3,Left ventricular Ejection fraction by US 2D modified,18046-3,,%,%,LOINC_db
LN,18047-1,Left ventricular Ejection fraction by US 2D modified biplane,18047-1,,%,%,LOINC_db
LN,18048-9,Left ventricular Ejection fraction by US 2D modified single-plane,18048-9,,%,%,LOINC_db
LN,18049-7,Left ventricular Ejection fraction by US.M-mode+Calculated by Teichholz method,18049-7,,%,%,LOINC_db
LN,18050-5,Inferior vena cava Fractional collapse by US --inspiration,18050-5,,%,%,LOINC_db
LN,18051-3,Left ventricular Fractional shortening minor axis by US,18051-3,,%,%,LOINC_db
LN,18052-1,Right ventricular anterior wall Fractional thickening freewall by US,18052-1,,%,%,LOINC_db
LN,18053-9,Left ventricular posterior wall Thickening.fractional change by US,18053-9,,nan,,LOINC_db
LN,18054-7,Interventricular septum Fractional thickness; fractional change by US 2D,18054-7,,%,%,LOINC_db
LN,18055-4,Tricuspid valve Maximum pressure gradient during diastole by US.doppler,18055-4,,mm[Hg],,LOINC_db
LN,18056-2,Tricuspid valve Mean pressure gradient dur diastole by US.doppler,18056-2,,mm[Hg],,LOINC_db
LN,18057-0,Mitral valve Peak pressure gradient by US.doppler,18057-0,,mm[Hg],,LOINC_db
LN,18058-8,Pulmonic valve Peak pressure gradient by US.doppler,18058-8,,mm[Hg],,LOINC_db
LN,18059-6,Mitral valve Mean pressure gradient by US.doppler,18059-6,,mm[Hg],,LOINC_db
LN,18060-4,Pulmonic valve Mean pressure gradient by US.doppler,18060-4,,mm[Hg],,LOINC_db
LN,18061-2,Aortic valve Maximum pressure gradient dur systole by US.doppler derived full Bernoulli,18061-2,,mm[Hg],,LOINC_db
LN,18062-0,Aortic valve Maximum pressure gradient dur systole by US.doppler+Calculated by simplified Bernoulli,18062-0,,mm[Hg],,LOINC_db
LN,18063-8,Deprecated Aortic valve Mean systole gradient [Pressure] by US.doppler+Calculated by simplified Bernoulli,18063-8,,mm[Hg],,LOINC_db
LN,18064-6,Left ventricular outflow tract Maximum pressure gradient dur systole by US.doppler,18064-6,,mm[Hg],,LOINC_db
LN,18065-3,Tricuspid valve Maximum regurgitant pressure gradient dur systole by US.doppler,18065-3,,mm[Hg],,LOINC_db
LN,18066-1,Aortic valve Mean systole pressure gradient by US.doppler derived full Bernoulli,18066-1,,mm[Hg],,LOINC_db
LN,18067-9,Cardiac echo imaging device Image quality by US,18067-9,,nan,,LOINC_db
LN,18068-7,Left ventricular Pre ejection time by US,18068-7,,ms,ms,LOINC_db
LN,18069-5,Right atrial Intrachamber mean systole pressure by Estimated from jugular venous distention,18069-5,,mm[Hg],,LOINC_db
LN,18070-3,Right atrial Intrachamber mean systole pressure by US,18070-3,,mm[Hg],,LOINC_db
LN,18071-1,Left ventricular Isovolumic relaxation time by US.doppler,18071-1,,ms,ms,LOINC_db
LN,18072-9,Left ventricular Major axis diastole [Length] by US.2D.A2C,18072-9,,cm,cm,LOINC_db
LN,18073-7,Left ventricular Major axis during systole [Length] by US.2D.A2C,18073-7,,cm,cm,LOINC_db
LN,18074-5,Left ventricular Major axis diastole [Length] by US.2D.A4C,18074-5,,cm,cm,LOINC_db
LN,18075-2,Left ventricular Major axis during systole [Length] by US.2D.A4C,18075-2,,cm,cm,LOINC_db
LN,18076-0,Left ventricular Major axis apical systole [Length] by US 2D,18076-0,,cm,cm,LOINC_db
LN,18077-8,Left ventricular Major axis apical diastole [Length] by US 2D,18077-8,,cm,cm,LOINC_db
LN,18078-6,Right ventricular Major axis diastole maximum [Length] by US 2D,18078-6,,cm,cm,LOINC_db
LN,18079-4,Right ventricular Minimum major axis during systole [Length] by US 2D,18079-4,,cm,cm,LOINC_db
LN,18080-2,Right ventricular outflow tract Maximum blood flow velocity during systole by US.doppler,18080-2,,m/s; cm/s,,LOINC_db
LN,18081-0,Left ventricular Minor axis at end diastole [Length] by US.2D.A4C,18081-0,,cm,cm,LOINC_db
LN,18082-8,Left ventricular Minor axis at end systole.apical 4 chamber [Length] by US.M-mode,18082-8,,cm,cm,LOINC_db
LN,18083-6,Left ventricular Internal diameter minor axis diastole by US 2D,18083-6,,cm,cm,LOINC_db
LN,18084-4,Right ventricular Minor axis at end diastole [Length] by US 2D,18084-4,,cm,cm,LOINC_db
LN,18085-1,Left ventricular Internal diameter minor axis systole by US 2D,18085-1,,cm,cm,LOINC_db
LN,18086-9,Right ventricular Minor axis at end systole [Length] by US 2D,18086-9,,cm,cm,LOINC_db
LN,18087-7,Left ventricular Myocardial mass by US,18087-7,,g,g,LOINC_db
LN,18088-5,Left ventricular Myocardial mass by US.M-mode,18088-5,,g,g,LOINC_db
LN,18089-3,Aortic valve Orifice area by US,18089-3,,cm2,cm2,LOINC_db
LN,18090-1,Aortic valve Orifice area by US.continuity,18090-1,,cm2,cm2,LOINC_db
LN,18091-9,Aortic valve Orifice area by US.continuity.VTI+Area,18091-9,,nan,,LOINC_db
LN,18092-7,Aortic valve Orifice area by US.continuity.VTI+Diameter,18092-7,,nan,,LOINC_db
LN,18093-5,Aortic valve Orifice area by US.continuity.Vmax+Area,18093-5,,nan,,LOINC_db
LN,18094-3,Aortic valve Orifice area by US.continuity.Vmax+Diameter,18094-3,,nan,,LOINC_db
LN,18095-0,Main pulmonary artery Crossection [Area] by US,18095-0,,cm2,cm2,LOINC_db
LN,18096-8,Pulmonic valve Orifice area by US.continuity,18096-8,,cm2,cm2,LOINC_db
LN,18097-6,Mitral valve Minimum orifice area by US.doppler pressure half time,18097-6,,nan,,LOINC_db
LN,18098-4,Mitral valve Minimum orifice area minor axis by US 2D,18098-4,,cm2,cm2,LOINC_db
LN,18099-2,Left ventricular Plane.diastole [Area] by US.2D.A2C,18099-2,,cm2,cm2,LOINC_db
LN,18100-8,Left ventricular Plane.systole [Area] by US.2D.A2C,18100-8,,cm2,cm2,LOINC_db
LN,18101-6,Left ventricular Plane.diastole [Area] by US.2D.A4C,18101-6,,cm2,cm2,LOINC_db
LN,18102-4,Left ventricular Plane.systole [Area] by US.2D.A4C,18102-4,,cm2,cm2,LOINC_db
LN,18103-2,Left ventricular outflow tract Planimetry parasternal short axis [Area] by US 2D,18103-2,,cm2,cm2,LOINC_db
LN,18104-0,Aortic valve Pressure half time by US.doppler,18104-0,,ms,ms,LOINC_db
LN,18105-7,Aortic valve Regurgitant blood flow pressure half-time by US.doppler,18105-7,,ms,ms,LOINC_db
LN,18106-5,Cardiac echo study Procedure,18106-5,,nan,,LOINC_db
LN,18107-3,Cardiac echo study Procedure stress method,18107-3,,nan,,LOINC_db
LN,18108-1,Aortic valve Prosthetic valve type by US,18108-1,,nan,,LOINC_db
LN,18109-9,Mitral valve Prosthetic valve type by US,18109-9,,nan,,LOINC_db
LN,18110-7,Pulmonic valve Prosthetic valve type by US,18110-7,,nan,,LOINC_db
LN,18111-5,Tricuspid valve Prosthetic valve type by US,18111-5,,nan,,LOINC_db
LN,18112-3,Aortic valve Regurgitation degree by US.doppler,18112-3,,nan,,LOINC_db
LN,18113-1,Mitral valve Regurgitation degree by US.doppler,18113-1,,nan,,LOINC_db
LN,18114-9,Pulmonic valve Regurgitation degree by US.doppler,18114-9,,nan,,LOINC_db
LN,18115-6,Tricuspid valve Regurgitation degree by US.doppler,18115-6,,nan,,LOINC_db
LN,18116-4,Left ventricular Segmental wall appearance by US,18116-4,,nan,,LOINC_db
LN,18117-2,Left ventricular Segmental wall motion by US,18117-2,,nan,,LOINC_db
LN,18118-0,Left ventricular Segmental wall motion Narrative by US,18118-0,,nan,,LOINC_db
LN,18119-8,Left ventricular apical anterior Segmental wall motion by US,18119-8,,nan,,LOINC_db
LN,18120-6,Left ventricular apical septum Segmental wall motion by US,18120-6,,nan,,LOINC_db
LN,18121-4,Left ventricular basal anterior Segmental wall motion by US,18121-4,,nan,,LOINC_db
LN,18122-2,Left ventricular basal anterior septum Segmental wall motion by US,18122-2,,nan,,LOINC_db
LN,18123-0,Left ventricular basal inferior Segmental wall motion by US,18123-0,,nan,,LOINC_db
LN,18124-8,Left ventricular basal lateral Segmental wall motion by US,18124-8,,nan,,LOINC_db
LN,18125-5,Left ventricular basal posterior Segmental wall motion by US,18125-5,,nan,,LOINC_db
LN,18126-3,Left ventricular basal septum Segmental wall motion by US,18126-3,,nan,,LOINC_db
LN,18127-1,Left ventricular inferior apical Segmental wall motion by US,18127-1,,nan,,LOINC_db
LN,18128-9,Left ventricular lateral apical Segmental wall motion by US,18128-9,,nan,,LOINC_db
LN,18129-7,Left ventricular mid anterior Segmental wall motion by US,18129-7,,nan,,LOINC_db
LN,18130-5,Left ventricular mid anterior septum Segmental wall motion by US,18130-5,,nan,,LOINC_db
LN,18131-3,Left ventricular mid inferior Segmental wall motion by US,18131-3,,nan,,LOINC_db
LN,18132-1,Left ventricular mid lateral Segmental wall motion by US,18132-1,,nan,,LOINC_db
LN,18133-9,Left ventricular mid posterior Segmental wall motion by US,18133-9,,nan,,LOINC_db
LN,18134-7,Left ventricular mid septum Segmental wall motion by US,18134-7,,nan,,LOINC_db
LN,18135-4,Left ventricular Minor axis.mitral level.diastole [Area] by US 2D,18135-4,,cm2,cm2,LOINC_db
LN,18136-2,Left ventricular Minor axis.mitral level.systole [Area] by US 2D,18136-2,,cm2,cm2,LOINC_db
LN,18137-0,Left ventricular Minor axis.papillary level.diastole [Area] by US 2D,18137-0,,cm2,cm2,LOINC_db
LN,18138-8,Left ventricular Minor axis.papillary level.systole [Area] by US 2D,18138-8,,cm2,cm2,LOINC_db
LN,18139-6,Stress study Stage by US,18139-6,,nan,,LOINC_db
LN,18140-4,Central cardiovascular Study observation by US,18140-4,,nan,,LOINC_db
LN,18141-2,Central cardiovascular Study observation Narrative by US,18141-2,,nan,,LOINC_db
LN,18142-0,Heart chambers Study observation by US,18142-0,,nan,,LOINC_db
LN,18143-8,Heart chambers Study observation Narrative by US,18143-8,,nan,,LOINC_db
LN,18144-6,Heart valves Study observation Narrative by US,18144-6,,nan,,LOINC_db
LN,18145-3,Heart valves Study observation by US,18145-3,,nan,,LOINC_db
LN,18146-1,Central cardiovascular Overall Study observation Narrative by US,18146-1,,nan,,LOINC_db
LN,18147-9,Central cardiovascular Overall Study observation by US,18147-9,,nan,,LOINC_db
LN,18148-7,Left ventricular End-systolic volume by US,18148-7,,nan,,LOINC_db
LN,18149-5,Left ventricular End-systolic volume by US.2D+Calculated by single-plane ellipse method,18149-5,,mL,mL,LOINC_db
LN,18150-3,Left ventricular End-systolic volume by US.2D+Calculated by biplane ellipse method,18150-3,,nan,,LOINC_db
LN,18151-1,Left ventricular End-systolic volume by US 2D modified,18151-1,,mL,mL,LOINC_db
LN,18152-9,Left ventricular posterior wall Thickness during diastole by US,18152-9,,cm,cm,LOINC_db
LN,18153-7,Right ventricular anterior wall Thickness during diastole by US,18153-7,,mm,mm,LOINC_db
LN,18154-5,Interventricular septum Thickness during diastole by US,18154-5,,mm,mm,LOINC_db
LN,18155-2,Left ventricular Thickness septal wall/Thickness posterior wall by US,18155-2,,{ratio},,LOINC_db
LN,18156-0,Left ventricular posterior wall Thickness during systole by US,18156-0,,mm,mm,LOINC_db
LN,18157-8,Right ventricular anterior wall Thickness during systole by US,18157-8,,mm,mm,LOINC_db
LN,18158-6,Interventricular septum Thickness during systole by US,18158-6,,mm,mm,LOINC_db
LN,18159-4,Cardiac echo study Transducer site,18159-4,,nan,,LOINC_db
LN,18160-2,Cardiac echo imaging device Class,18160-2,,nan,,LOINC_db
LN,18161-0,Tricuspid valve Maximum blood flow velocity by US.doppler,18161-0,,m/s; cm/s,,LOINC_db
LN,18162-8,Pulmonic valve Maximum blood flow velocity by US.doppler,18162-8,,m/s; cm/s,,LOINC_db
LN,18163-6,Aorta root Maximum blood flow velocity during systole by US.doppler,18163-6,,m/s; cm/s,,LOINC_db
LN,18164-4,Deprecated Left ventricular outflow tract Peak systolic flow velocity by US.doppler,18164-4,,m/s; cm/s,,LOINC_db
LN,18165-1,Pulmonic valve Maximum regurgitant blood flow velocity during diastole by US.doppler,18165-1,,nan,,LOINC_db
LN,18166-9,Tricuspid valve Maximum regurgitant blood flow velocity during systole by US.doppler,18166-9,,nan,,LOINC_db
LN,18167-7,Aorta root Mean flow velocity during systole by US.doppler,18167-7,,m/s; cm/s,,LOINC_db
LN,18168-5,Aorta root Blood velocity-time integral by US.doppler,18168-5,,cm,cm,LOINC_db
LN,18169-3,Aortic valve Blood velocity-time integral by US.doppler,18169-3,,cm,cm,LOINC_db
LN,18170-1,Left ventricular outflow tract Blood velocity-time integral by US.doppler,18170-1,,cm,cm,LOINC_db
LN,18171-9,Right ventricular outflow tract Blood velocity-time integral by US.doppler,18171-9,,cm,cm,LOINC_db
LN,18172-7,Mitral valve Blood velocity-time integral by US.doppler,18172-7,,cm,cm,LOINC_db
LN,18173-5,Pulmonary artery Blood velocity-time integral by US.doppler,18173-5,,cm,cm,LOINC_db
LN,18174-3,Pulmonic valve Blood velocity-time integral by US.doppler,18174-3,,cm,cm,LOINC_db
LN,18175-0,Tricuspid valve Velocity-time integral during diastole by US.doppler,18175-0,,cm,cm,LOINC_db
LN,18176-8,Cardiac echo imaging device Vendor model number,18176-8,,nan,,LOINC_db
LN,18177-6,Cardiac echo imaging device Vendor serial number,18177-6,,nan,,LOINC_db
LN,18178-4,Left ventricular Wall motion index by US,18178-4,,nan,,LOINC_db
LN,18179-2,Left ventricular Wall segment [Identifier] by US,18179-2,,nan,,LOINC_db
LN,18504-1,PP interval mean,18504-1,,s,s,LOINC_db
LN,18505-8,R-R interval (Mean value during study) by EKG,18505-8,,s,s,LOINC_db
LN,18508-2,R wave axis.horizontal plane,18508-2,,deg,deg,LOINC_db
LN,18510-8,ST segment axis.horizontal plane,18510-8,,deg,deg,LOINC_db
LN,18745-0,Cardiac catheterization study,18745-0,,nan,,LOINC_db
LN,18750-0,Cardiac electrophysiology study,18750-0,,nan,,LOINC_db
LN,18754-2,Ambulatory cardiac rhythm monitor (Holter) study,18754-2,,nan,,LOINC_db
LN,18810-2,EKG Study observation overall (narrative),18810-2,,nan,,LOINC_db
LN,18824-3,Cardiac service attachment,18824-3,,nan,,LOINC_db
LN,18835-9,Aortic valve area method Narrative,18835-9,,nan,,LOINC_db
LN,18837-5,Left ventricle Segmental wall appearance by US Narrative,18837-5,,nan,,LOINC_db
LN,18838-3,Cardiac echo study Transducer site Narrative,18838-3,,nan,,LOINC_db
LN,18839-1,Cardiac echo imaging device Class Narrative,18839-1,,nan,,LOINC_db
LN,18840-9,Left ventricular Wall motion index by US Narrative,18840-9,,nan,,LOINC_db
LN,18843-3,EKG Comparison study (narrative),18843-3,,nan,,LOINC_db
LN,18844-1,EKG impression Narrative,18844-1,,nan,,LOINC_db
LN,18845-8,Reference beat type (narrative) by EKG,18845-8,,nan,,LOINC_db
LN,19006-6,Cardiac echo imaging device Image quality Narrative by US,19006-6,,nan,,LOINC_db
LN,20165-7,Region of interest Region [Area] by US 2D,20165-7,,cm2,cm2,LOINC_db
LN,20166-5,Diameter by US 2D,20166-5,,mm,mm,LOINC_db
LN,20167-3,Circulatory system Acceleration slope by US.doppler,20167-3,,nan,,LOINC_db
LN,20168-1,Circulatory system Acceleration by US.doppler,20168-1,,ms,ms,LOINC_db
LN,20169-9,Deprecated Circulatory system Acceleration by US.doppler,20169-9,,nan,,LOINC_db
LN,20170-7,Acceleration 2 by US,20170-7,,ms,ms,LOINC_db
LN,20171-5,Acceleration/Acceleration 2 by US,20171-5,,{ratio},,LOINC_db
LN,20172-3,Aortic valve Regurgitant blood flow velocity at end diastole by US.doppler,20172-3,,nan,,LOINC_db
LN,20173-1,Aortic valve Maximum regurgitant blood flow velocity during diastole by US.doppler,20173-1,,nan,,LOINC_db
LN,20174-9,Aortic valve Acceleration slope by US,20174-9,,nan,,LOINC_db
LN,20175-6,Aortic valve Deceleration slope [Velocity] by US,20175-6,,nan,,LOINC_db
LN,20176-4,Aortic valve Deceleration [Time] by US,20176-4,,ms,ms,LOINC_db
LN,20177-2,Aorta root Crossection [Area] by US.calculated,20177-2,,cm2,cm2,LOINC_db
LN,20178-0,Aorta root Crossection [Area] by US 2D,20178-0,,cm2,cm2,LOINC_db
LN,20179-8,R-R interval by US --at aortic flow measurement,20179-8,,ms,ms,LOINC_db
LN,20180-6,Region of interest Area by US,20180-6,,cm2,cm2,LOINC_db
LN,20181-4,Region of interest Area 2 by US,20181-4,,cm2,cm2,LOINC_db
LN,20182-2,Region of interest Area/Area 2 by US,20182-2,,{index};{ratio},,LOINC_db
LN,20183-0,Aortic valve Maximum blood flow velocity by US.doppler --at stenosis,20183-0,,m/s; cm/s,,LOINC_db
LN,20184-8,Diastolic blood pressure by US,20184-8,,mm[Hg],,LOINC_db
LN,20185-5,End systolic blood pressure by US,20185-5,,mm[Hg],,LOINC_db
LN,20186-3,Peak systolic blood pressure by US,20186-3,,mm[Hg],,LOINC_db
LN,20187-1,Left ventricular Cardiac index by US.2D+Calculated by biplane ellipse method,20187-1,,L/min/m2,,LOINC_db
LN,20188-9,Left ventricular Cardiac index by US.2D+Calculated by bullet method,20188-9,,L/min/m2,,LOINC_db
LN,20189-7,Ventricular Cardiac index by US.cubed.calculated,20189-7,,nan,,LOINC_db
LN,20190-5,Left ventricular Cardiac index by US 2D left ventricular outflow tract area calculated,20190-5,,L/min/m2,,LOINC_db
LN,20191-3,Left ventricular Cardiac index by US 2D modified biplane ellipse calculated,20191-3,,L/min/m2,,LOINC_db
LN,20192-1,Left ventricular Cardiac index by US.modified Simpson.calculated,20192-1,,L/min/m2,,LOINC_db
LN,20193-9,Left ventricular Cardiac index 2 chamber by US.modified.single-plane.calculated,20193-9,,L/min/m2,,LOINC_db
LN,20194-7,Left ventricular Cardiac index 4 chamber by US.modified.single-plane.calculated,20194-7,,L/min/m2,,LOINC_db
LN,20195-4,Left ventricular Cardiac index by US 2D mitral valve calculated,20195-4,,L/min/m2,,LOINC_db
LN,20196-2,Right ventricular Cardiac index by US 2D pulmonic valve calculated,20196-2,,L/min/m2,,LOINC_db
LN,20197-0,Left ventricular Cardiac index by US.2D+Calculated by single-plane ellipse method,20197-0,,L/min/m2,,LOINC_db
LN,20198-8,Left ventricular Cardiac index by US+Calculated by Teichholz method,20198-8,,L/min/m2,,LOINC_db
LN,20199-6,Right ventricular Cardiac index by US 2D tricuspid valve calculated,20199-6,,L/min/m2,,LOINC_db
LN,20200-2,Region of interest Circumference/Circumference 2 by US,20200-2,,mm/mm; cm/cm,,LOINC_db
LN,20201-0,Circulatory system [Identifier],20201-0,,nan,,LOINC_db
LN,20202-8,Region of interest Circumference by US,20202-8,,mm;cm,,LOINC_db
LN,20203-6,Region of interest Circumference 2 by US,20203-6,,mm;cm,,LOINC_db
LN,20204-4,Left ventricular Cardiac output by US.2D+Calculated by biplane ellipse method,20204-4,,L/min,,LOINC_db
LN,20205-1,Left ventricular Cardiac output by US.2D+Calculated by bullet method,20205-1,,L/min,,LOINC_db
LN,20206-9,Left ventricular Cardiac output by US.cubed.calculated,20206-9,,L/min,,LOINC_db
LN,20207-7,Left ventricular Cardiac output by US 2D left ventricular outflow tract calculated,20207-7,,L/min,,LOINC_db
LN,20208-5,Left ventricular Cardiac output by US 2D modified biplane calculated,20208-5,,L/min,,LOINC_db
LN,20209-3,Ventricular Cardiac output by US.2D+Calculated by modified Simpson method,20209-3,,L/min,,LOINC_db
LN,20210-1,Left ventricular Cardiac output.2 chamber by US 2D modified single-plane calculated,20210-1,,L/min,,LOINC_db
LN,20211-9,Left ventricular Cardiac output.4 chamber by US 2D modified single-plane calculated,20211-9,,L/min,,LOINC_db
LN,20212-7,Left ventricular Cardiac output by US.2D+Calculated by single-plane ellipse method,20212-7,,L/min,,LOINC_db
LN,20213-5,Left ventricular Cardiac output by US+Calculated by Teichholz method,20213-5,,L/min,,LOINC_db
LN,20214-3,Right ventricular Cardiac output by US 2D tricuspid valve,20214-3,,L/min,,LOINC_db
LN,20215-0,Maximum deceleration [Velocity] by US,20215-0,,nan,,LOINC_db
LN,20216-8,Deceleration slope [Velocity] by US,20216-8,,nan,,LOINC_db
LN,20217-6,Circulatory system Deceleration [Time] by US,20217-6,,ms,ms,LOINC_db
LN,20218-4,Deceleration [Velocity] by US,20218-4,,nan,,LOINC_db
LN,20219-2,Deceleration 2 [Velocity] by US,20219-2,,nan,,LOINC_db
LN,20220-0,Deceleration/Deceleration 2 by US,20220-0,,{index};{ratio},,LOINC_db
LN,20221-8,Ventricular Ejection time by US.doppler,20221-8,,ms,ms,LOINC_db
LN,20222-6,Ventricular Ejection time by US,20222-6,,ms,ms,LOINC_db
LN,20223-4,Ventricular Ejection time 2 by US,20223-4,,ms,ms,LOINC_db
LN,20224-2,Left ventricular Ejection time/Ejection time 2 by US.calculated,20224-2,,{index};{ratio},,LOINC_db
LN,20225-9,Pulmonic valve Minimum end diastole regurgitant blood flow velocity by US,20225-9,,nan,,LOINC_db
LN,20226-7,Flow [Area] by US+Calculated,20226-7,,nan,,LOINC_db
LN,20227-5,Region of interest Height by US.M-mode,20227-5,,mm,mm,LOINC_db
LN,20228-3,Anatomic part Laterality,20228-3,,nan,,LOINC_db
LN,20229-1,Region of interest Length/Length 2 by US,20229-1,,{ratio},,LOINC_db
LN,20230-9,Region of interest Length by US,20230-9,,mm,mm,LOINC_db
LN,20231-7,Region of interest Length 2 by US,20231-7,,mm,mm,LOINC_db
LN,20232-5,Left ventricular outflow tract Mean blood flow velocity by US.doppler,20232-5,,m/s; cm/s,,LOINC_db
LN,20233-3,Left ventricular outflow tract Mean systole pressure gradient by US.doppler,20233-3,,mm[Hg],,LOINC_db
LN,20234-1,Left ventricular End-diastolic volume by US.2D+Calculated by bullet method,20234-1,,mL,mL,LOINC_db
LN,20235-8,Left ventricular End-diastolic volume by US.cubed.calculated,20235-8,,cm3,cm3,LOINC_db
LN,20236-6,Left ventricular End-diastolic volume by US 2D modified biplane ellipse calculated,20236-6,,mL,mL,LOINC_db
LN,20237-4,Left ventricular End-diastolic volume by US.2D+Calculated by modified Simpson method,20237-4,,mL,mL,LOINC_db
LN,20238-2,Left ventricular End-diastolic volume by US.M-mode+Calculated by Teichholz method,20238-2,,mL,mL,LOINC_db
LN,20239-0,Left ventricular Apical plane diastole [Area] by US 2D,20239-0,,cm2,cm2,LOINC_db
LN,20240-8,Left ventricular epicardium Short axis papillary level diastole [Area] by US 2D,20240-8,,cm2,cm2,LOINC_db
LN,20241-6,Left ventricular Apical plane systole [Area] by US 2D,20241-6,,cm2,cm2,LOINC_db
LN,20242-4,Left ventricular epicardium Short axis papillary level systole [Area] by US 2D,20242-4,,cm2,cm2,LOINC_db
LN,20243-2,Deprecated Internal diameter.minor axis.diastole of Heart ventricle Left US 2D,20243-2,,nan,,LOINC_db
LN,20244-0,Deprecated Internal diameter.minor axis.systole of Heart ventricle Left US 2D,20244-0,,nan,,LOINC_db
LN,20245-7,Left ventricular outflow tract Region crossection [Area] by US+Calculated,20245-7,,cm2,cm2,LOINC_db
LN,20246-5,Deprecated Pre ejection period of Heart ventricle Left US,20246-5,,nan,,LOINC_db
LN,20247-3,Peak pressure gradient by US+Calculated,20247-3,,mm[Hg],,LOINC_db
LN,20248-1,Maximum pressure gradient 2 by US+Calculated,20248-1,,mm[Hg],,LOINC_db
LN,20249-9,Aortic valve Maximum regurgitant pressure gradient by US+Calculated,20249-9,,mm[Hg],,LOINC_db
LN,20250-7,Mitral valve Maximum regurgitant pressure gradient by US+Calculated,20250-7,,mm[Hg],,LOINC_db
LN,20251-5,Pulmonic valve Maximum regurgitant pressure gradient by US.calculated,20251-5,,mm[Hg],,LOINC_db
LN,20252-3,Maximum systole/Systole 2 maximum by US.doppler,20252-3,,nan,,LOINC_db
LN,20253-1,Deprecated Tricuspid valve regurgitant jet Peak systolic flow by US.doppler,20253-1,,nan,,LOINC_db
LN,20254-9,Tricuspid valve Peak regurgitant blood flow 2 by US.doppler,20254-9,,nan,,LOINC_db
LN,20255-6,Mean pressure gradient by US+Calculated,20255-6,,mm[Hg],,LOINC_db
LN,20256-4,Mean pressure gradient by US.doppler,20256-4,,mm[Hg],,LOINC_db
LN,20257-2,Mean pressure gradient 2 by US+Calculated,20257-2,,mm[Hg],,LOINC_db
LN,20258-0,Mean pressure gradient 2 by US,20258-0,,mm[Hg],,LOINC_db
LN,20259-8,Mean pressure gradient/Mean pressure gradient 2 by US.doppler calculated,20259-8,,{index};{ratio},,LOINC_db
LN,20260-6,Mean sytole/Systole 2 mean by US.doppler calculated,20260-6,,nan,,LOINC_db
LN,20261-4,Tricuspid valve Mean regurgitant blood flow velocity by US,20261-4,,nan,,LOINC_db
LN,20262-2,Tricuspid valve Mean Regurgitant blood flow 2 by US,20262-2,,nan,,LOINC_db
LN,20263-0,R-R interval by US --at mitral flow measurement,20263-0,,ms,ms,LOINC_db
LN,20264-8,Mitral valve annulus Region crossection [Area] by US+Calculated,20264-8,,cm2,cm2,LOINC_db
LN,20265-5,Slope [Velocity] by US.M-mode,20265-5,,nan,,LOINC_db
LN,20266-3,Slope 2 [Velocity] by US.M-mode,20266-3,,nan,,LOINC_db
LN,20267-1,Slope/Slope 2 by US.M-mode+Calculated,20267-1,,{index};{ratio},,LOINC_db
LN,20268-9,Mitral valve Maximum regurgitant blood flow velocity during systole by US.doppler,20268-9,,nan,,LOINC_db
LN,20269-7,Mitral valve Acceleration slope by US.doppler,20269-7,,nan,,LOINC_db
LN,20270-5,Mitral valve Acceleration by US.doppler,20270-5,,ms,ms,LOINC_db
LN,20271-3,Mitral valve Diastolic filling period by US,20271-3,,ms,ms,LOINC_db
LN,20272-1,Mitral valve Diameter by US,20272-1,,mm,mm,LOINC_db
LN,20273-9,Mitral valve Diameter 2 by US,20273-9,,cm,cm,LOINC_db
LN,20274-7,Mitral valve Flow [Area] by US+Calculated,20274-7,,nan,,LOINC_db
LN,20275-4,Deprecated Deceleration.pressure.half time of Mitral valve US.doppler,20275-4,,nan,,LOINC_db
LN,20276-2,Mitral valve Maximum blood flow velocity during systole by US --for peak half-time calculation,20276-2,,nan,,LOINC_db
LN,20277-0,Mitral valve Maximum blood flow velocity by US.doppler,20277-0,,m/s; cm/s,,LOINC_db
LN,20278-8,Mitral valve Mean blood velocity by US.doppler,20278-8,,nan,,LOINC_db
LN,20279-6,Deprecated Orifice.minor axis.min [Area] of Mitral valve US 2D,20279-6,,nan,,LOINC_db
LN,20280-4,Pressure half time by US+Calculated,20280-4,,ms,ms,LOINC_db
LN,20281-2,Pulmonary artery Acceleration slope by US,20281-2,,nan,,LOINC_db
LN,20282-0,Pulmonary artery Deceleration slope [Velocity] by US,20282-0,,nan,,LOINC_db
LN,20283-8,Pulmonary artery Deceleration [Time] by US,20283-8,,ms,ms,LOINC_db
LN,20284-6,Pulmonic valve distal Mean blood flow velocity by US.doppler,20284-6,,m/s; cm/s,,LOINC_db
LN,20285-3,Deprecated Left ventricular Pre ejection period by US,20285-3,,nan,,LOINC_db
LN,20286-1,R-R interval by US --at pulmonic flow measurement,20286-1,,ms,ms,LOINC_db
LN,20287-9,Pulmonic valve Region orifice area by US.doppler VTI + area calculated,20287-9,,nan,,LOINC_db
LN,20288-7,Pulmonic valve Region orifice area by US.doppler VTI + diameter calculated,20288-7,,nan,,LOINC_db
LN,20289-5,Pulmonic valve Region orifice area by US.doppler Vmax + area calculated,20289-5,,nan,,LOINC_db
LN,20290-3,Pulmonic valve Region orifice area by US.doppler Vmax + diameter calculated,20290-3,,nan,,LOINC_db
LN,20291-1,Pulmonic flow/Systemic flow by US.doppler VTI + aorta calculated,20291-1,,{index};{ratio},,LOINC_db
LN,20292-9,Pulmonic flow/Systemic flow by US.doppler VTI + left ventricular outflow tract calculated,20292-9,,{index};{ratio},,LOINC_db
LN,20293-7,Pulmonic flow/Systemic flow by US.doppler Vmax + aorta calculated,20293-7,,{index};{ratio},,LOINC_db
LN,20294-5,Pulmonic flow/Systemic flow by US.doppler Vmax + left ventricular outflow tract calculated,20294-5,,{index};{ratio},,LOINC_db
LN,20295-2,Pulmonic valve Q-wave to closure [Time] by US,20295-2,,ms,ms,LOINC_db
LN,20296-0,Tricuspid valve Q-wave to open [Time] by US,20296-0,,ms,ms,LOINC_db
LN,20297-8,Right atrial Intrachamber diastole pressure by Estimated from jugular venous distention,20297-8,,mm[Hg],,LOINC_db
LN,20298-6,Region of interest,20298-6,,nan,,LOINC_db
LN,20299-4,Right ventricular Peak pressure gradient by US.doppler,20299-4,,mm[Hg],,LOINC_db
LN,20300-0,Right ventricular Mean pressure gradient by US.doppler,20300-0,,mm[Hg],,LOINC_db
LN,20301-8,Right ventricular Pre ejection time by US,20301-8,,ms,ms,LOINC_db
LN,20302-6,Right ventricular outflow tract Mean blood flow velocity by US.doppler,20302-6,,m/s; cm/s,,LOINC_db
LN,20303-4,Right ventricular outflow tract Mean systole pressure gradient by US.doppler,20303-4,,mm[Hg],,LOINC_db
LN,20304-2,Right ventricular Minor axis.maximum [Length] by US 2D,20304-2,,cm,cm,LOINC_db
LN,20305-9,Right ventricular Diameter during systole by US,20305-9,,cm,cm,LOINC_db
LN,20306-7,Right ventricular outflow tract Region crossection [Area] by US+Calculated,20306-7,,cm2,cm2,LOINC_db
LN,20307-5,Right ventricular outflow tract Diameter by US 2D,20307-5,,cm,cm,LOINC_db
LN,20308-3,Left ventricular Stroke volume index by US.2D+Calculated,20308-3,,nan,,LOINC_db
LN,20309-1,Left ventricular Stroke volume index by US 2D aortic root calculated,20309-1,,{index};{ratio},,LOINC_db
LN,20310-9,Left ventricular Stroke volume index by US.2D+Calculated by biplane ellipse method,20310-9,,{index};{ratio},,LOINC_db
LN,20311-7,Left ventricular Stroke volume index by US.2D+Calculated by bullet method,20311-7,,{index};{ratio},,LOINC_db
LN,20312-5,Left ventricular Stroke volume index by US.cubed.calculated,20312-5,,{index};{ratio},,LOINC_db
LN,20313-3,Left ventricular Stroke volume index by US 2D left ventricular outflow tract area calculated,20313-3,,nan,,LOINC_db
LN,20314-1,Left ventricular Stroke volume index by US 2D modified biplane ellipse calculated,20314-1,,nan,,LOINC_db
LN,20315-8,Left ventricular Stroke volume index by US.modified Simpson.calculated,20315-8,,{index};{ratio},,LOINC_db
LN,20316-6,Left ventricular Stroke volume index 2 chamber by US 2D modified single-plane ellipse calculated,20316-6,,nan,,LOINC_db
LN,20317-4,Left ventricular Stroke volume index 4 chamber by US 2D modified single-plane ellipse calculated,20317-4,,nan,,LOINC_db
LN,20318-2,Left ventricular Stroke volume index by US 2D mitral valve calculated,20318-2,,{index};{ratio},,LOINC_db
LN,20319-0,Left ventricular Stroke volume index by US 2D pulmonic valve flow area calculated,20319-0,,nan,,LOINC_db
LN,20320-8,Left ventricular Stroke volume index by US.2D+Calculated by single-plane ellipse method,20320-8,,nan,,LOINC_db
LN,20321-6,Left ventricular Stroke volume index by US.Teichholz,20321-6,,{index};{ratio},,LOINC_db
LN,20322-4,Left ventricular Stroke volume index by US 2D tricuspid valve calculated,20322-4,,nan,,LOINC_db
LN,20323-2,Left ventricular Stroke volume by US.2D+Calculated,20323-2,,mL,mL,LOINC_db
LN,20324-0,Left ventricular Stroke volume by US 2D aortic root calculated,20324-0,,nan,,LOINC_db
LN,20325-7,Left ventricular Stroke volume by US.2D+Calculated by biplane ellipse method,20325-7,,mL,mL,LOINC_db
LN,20326-5,Left ventricular Stroke volume by US.2D+Calculated by bullet method,20326-5,,mL,mL,LOINC_db
LN,20327-3,Left ventricular Stroke volume by US.cubed.calculated,20327-3,,mL,mL,LOINC_db
LN,20328-1,Left ventricular Stroke volume by US 2D left ventricular outflow tract area calculated,20328-1,,mL,mL,LOINC_db
LN,20329-9,Left ventricular Stroke volume by US 2D modified biplane ellipse calculated,20329-9,,mL,mL,LOINC_db
LN,20330-7,Left ventricular Stroke volume by US.2D+Calculated by modified Simpson method,20330-7,,mL,mL,LOINC_db
LN,20331-5,Left ventricular Stroke volume 2 chamber by US 2D modified single-plane calculated,20331-5,,mL,mL,LOINC_db
LN,20332-3,Left ventricular Cardiac output/Heart rate 4 chamber by US 2D modified single-plane calculated,20332-3,,mL,mL,LOINC_db
LN,20333-1,Left ventricular Stroke volume by US 2D mitral valve flow area calculated,20333-1,,cm3,cm3,LOINC_db
LN,20334-9,Right ventricular Stroke volume by US 2D pulmonic valve flow area calculated,20334-9,,cm3,cm3,LOINC_db
LN,20335-6,Left ventricular Stroke volume by US.2D+Calculated by single-plane ellipse method,20335-6,,mL,mL,LOINC_db
LN,20336-4,Left ventricular Stroke volume by US.Teichholz.calculated,20336-4,,mL,mL,LOINC_db
LN,20337-2,Right ventricular Stroke volume by US 2D tricuspid valve calculated,20337-2,,mL,mL,LOINC_db
LN,20338-0,Time by US.M-mode,20338-0,,ms,ms,LOINC_db
LN,20339-8,Time by US,20339-8,,ms,ms,LOINC_db
LN,20340-6,Time 2 by US,20340-6,,ms,ms,LOINC_db
LN,20341-4,Time/Time 2 by US,20341-4,,nan,,LOINC_db
LN,20342-2,R-R interval by US --at tricuspid flow measurement,20342-2,,ms,ms,LOINC_db
LN,20343-0,Tricuspid valve Acceleration slope by US,20343-0,,nan,,LOINC_db
LN,20344-8,Tricuspid valve annulus Region crossection [Area] by US.calculated,20344-8,,cm2,cm2,LOINC_db
LN,20345-5,Tricuspid valve Deceleration slope [Velocity] by US,20345-5,,nan,,LOINC_db
LN,20346-3,Right atrial Diastolic filling period by US,20346-3,,ms,ms,LOINC_db
LN,20347-1,Tricuspid valve Flow [Area] by US.calculated,20347-1,,nan,,LOINC_db
LN,20348-9,Tricuspid valve orifice Diameter.4 chamber by US,20348-9,,cm,cm,LOINC_db
LN,20349-7,Tricuspid valve Pressure half time velocity maximum by US,20349-7,,ms,ms,LOINC_db
LN,20350-5,Tricuspid valve Mean blood flow velocity by US.doppler,20350-5,,m/s; cm/s,,LOINC_db
LN,20351-3,Maximum blood flow velocity by US.doppler,20351-3,,m/s; cm/s,,LOINC_db
LN,20352-1,Circulatory system Mean blood flow velocity by US.doppler,20352-1,,m/s; cm/s,,LOINC_db
LN,20353-9,Region of interest Pressure gradient by US.doppler,20353-9,,mm[Hg],,LOINC_db
LN,20354-7,Blood velocity-time integral by US.doppler,20354-7,,nan,,LOINC_db
LN,20355-4,Peak blood flow 2 by US.doppler,20355-4,,m/s; cm/s,,LOINC_db
LN,20356-2,Mean blood flow 2 by US.doppler,20356-2,,m/s; cm/s,,LOINC_db
LN,20357-0,Region of interest Pressure gradient 2 by US.doppler,20357-0,,mm[Hg],,LOINC_db
LN,20358-8,Blood velocity-time integral 2 by US.doppler,20358-8,,nan,,LOINC_db
LN,20359-6,Heart valve Region [Area] by US.doppler VTI + area calculated,20359-6,,nan,,LOINC_db
LN,20360-4,Heart valve Region [Area] by US.doppler VTI + diameter calculated,20360-4,,nan,,LOINC_db
LN,20361-2,Heart valve Region [Area] by US.doppler velocity + area calculated,20361-2,,nan,,LOINC_db
LN,20362-0,Heart valve Region [Area] by US.doppler velocity + diameter calculated,20362-0,,nan,,LOINC_db
LN,20363-8,Velocity slope by US,20363-8,,nan,,LOINC_db
LN,20364-6,Velocity slope 2 by US,20364-6,,nan,,LOINC_db
LN,20365-3,Region of interest Volume/Volume 2 by US.calculated,20365-3,,%,%,LOINC_db
LN,20366-1,Region of interest Volume by US.2D+Calculated by area-length method,20366-1,,mL,mL,LOINC_db
LN,20367-9,Region of interest Volume 2 by US.2D+Calculated by area-length method,20367-9,,mL,mL,LOINC_db
LN,20368-7,Interventricular septal defect Maximum blood flow velocity by US.doppler,20368-7,,m/s; cm/s,,LOINC_db
LN,20369-5,Velocity slope/Velocity slope 2 by US.doppler calculated,20369-5,,{index};{ratio},,LOINC_db
LN,20370-3,Velocity-time integral.XXX by US.doppler,20370-3,,nan,,LOINC_db
LN,20371-1,Velocity-time integral.XXX/Velocity-time integral 2 by US.doppler,20371-1,,{index};{ratio},,LOINC_db
LN,20372-9,Velocity-time integral 2 XXX by US.doppler,20372-9,,nan,,LOINC_db
LN,20562-5,Left ventricular Stroke volume,20562-5,,mL,mL,LOINC_db
LN,24369-1,R-R interval by EKG --during XXX measurement,24369-1,,ms,ms,LOINC_db
LN,24370-9,Peak systolic blood pressure --during mitral regurgitation maximum velocity measurement,24370-9,,mm[Hg],,LOINC_db
LN,24371-7,Peak systolic blood pressure --during aorta stenosis maximum velocity measurement,24371-7,,mm[Hg],,LOINC_db
LN,24372-5,Peak systolic blood pressure --during right ventricular septal defect maximum velocity measurement,24372-5,,mm[Hg],,LOINC_db
LN,24525-8,Left ventricular Cardiac index by US,24525-8,,L/min/m2,,LOINC_db
LN,24526-6,Left ventricular Cardiac output by US,24526-6,,L/min,,LOINC_db
LN,24527-4,Left ventricular Myocardial mass by US 2D modified single-plane,24527-4,,g,g,LOINC_db
LN,24528-2,Left ventricular Myocardial mass by US 2D modified biplane,24528-2,,g,g,LOINC_db
LN,24529-0,Left ventricular End-systolic volume by US 2D modified biplane,24529-0,,mL,mL,LOINC_db
LN,24530-8,Left ventricular End-systolic volume by US.M-mode+Calculated by Teichholz method,24530-8,,mL,mL,LOINC_db
LN,24571-2,NM Biliary ducts and Gallbladder Views for patency of biliary structures and ejection fraction W sincalide and W radionuclide IV,24571-2,,nan,,LOINC_db
LN,24613-2,Deprecated RFA Guidance for placement of catheter in artery in Central cardiovascular artery,24613-2,,nan,,LOINC_db
LN,24748-6,MR Heart,24748-6,,nan,,LOINC_db
LN,24750-2,NM Heart Views at rest and W Tl-201 IV,24750-2,,nan,,LOINC_db
LN,24752-8,RF videography Heart Views,24752-8,,nan,,LOINC_db
LN,26441-6,Cardiology studies (set),26441-6,,nan,,LOINC_db
LN,27445-6,Deprecated Cardiac rehabilitation treatment plan Initial evaluation note (narrative),27445-6,,nan,,LOINC_db
LN,27446-4,"Deprecated Cardiac rehabilitation treatment plan, Plan of treatment (narrative)",27446-4,,nan,,LOINC_db
LN,27447-2,Deprecated Cardiac rehabilitation treatment plan Progress note and attainment of goals (narrative),27447-2,,nan,,LOINC_db
LN,27448-0,"Deprecated Cardiac rehabilitation treatment plan, Reason to continue (narrative)",27448-0,,nan,,LOINC_db
LN,27449-8,"Deprecated Cardiac rehabilitation treatment plan, Justification (narrative)",27449-8,,nan,,LOINC_db
LN,27450-6,"Deprecated Cardiac rehabilitation treatment plan, Psychiatric symptoms (narrative)",27450-6,,nan,,LOINC_db
LN,27456-3,"Deprecated Cardiac rehabilitation treatment plan, Author ID Identifier",27456-3,,nan,,LOINC_db
LN,27457-1,"Cardiac rehabilitation treatment plan, Primary diagnosis Set",27457-1,,nan,,LOINC_db
LN,27458-9,"Deprecated Cardiac rehabilitation treatment plan, Start date of hospitalization leading to treatment",27458-9,,nan,,LOINC_db
LN,27459-7,"Deprecated Cardiac rehabilitation treatment plan, End date of hospitalization leading to treatment",27459-7,,nan,,LOINC_db
LN,27460-5,"Deprecated Cardiac rehabilitation treatment plan, Primary diagnosis (narrative)",27460-5,,nan,,LOINC_db
LN,27461-3,"Deprecated Cardiac rehabilitation treatment plan, Medication name + identifier Identifier",27461-3,,nan,,LOINC_db
LN,27462-1,"Deprecated Cardiac rehabilitation treatment plan, Medication Dosage",27462-1,,nan,,LOINC_db
LN,27463-9,"Deprecated Cardiac rehabilitation treatment plan, Medication timing + Quantity TQ2",27463-9,,nan,,LOINC_db
LN,27464-7,"Deprecated Cardiac rehabilitation treatment plan, Primary diagnosis Identifier",27464-7,,nan,,LOINC_db
LN,27465-4,"Deprecated Cardiac rehabilitation treatment plan, Diagnosis addressed by plan Identifier",27465-4,,nan,,LOINC_db
LN,27466-2,"Deprecated Cardiac rehabilitation treatment plan, Diagnosis addressed by plan (narrative) Text",27466-2,,nan,,LOINC_db
LN,27468-8,"Deprecated Cardiac rehabilitation treatment plan, Medication route Identifier",27468-8,,nan,,LOINC_db
LN,27483-7,"Deprecated Cardiac rehabilitation treatment plan, New/revised",27483-7,,nan,,LOINC_db
LN,27484-5,"Deprecated Cardiac rehabilitation treatment plan, Date onset or exacerbation of primary diagnosis",27484-5,,nan,,LOINC_db
LN,27485-2,"Deprecated Cardiac rehabilitation treatment plan, start date",27485-2,,nan,,LOINC_db
LN,27497-7,Deprecated Clinical discipline - Cardiac rehabilitation treatment plan,27497-7,,nan,,LOINC_db
LN,27518-0,"Deprecated Cardiac rehabilitation treatment plan, Diagnosis addressed by plan Set",27518-0,,nan,,LOINC_db
LN,27519-8,"Cardiac rehabilitation treatment plan, Author of treatment plan Set",27519-8,,nan,,LOINC_db
LN,27520-6,"Deprecated Cardiac rehabilitation treatment plan, Author name",27520-6,,nan,,LOINC_db
LN,27521-4,"Deprecated Cardiac rehabilitation treatment plan, Author profession Identifier",27521-4,,nan,,LOINC_db
LN,27522-2,"Deprecated Cardiac rehabilitation treatment plan, Signature date Date and time",27522-2,,nan,,LOINC_db
LN,27531-3,"Deprecated Cardiac rehabilitation treatment plan, Visit frequency TQ2",27531-3,,nan,,LOINC_db
LN,27532-1,"Deprecated Cardiac rehabilitation treatment plan, Visit duration Time",27532-1,,min,min,LOINC_db
LN,27533-9,"Cardiac rehabilitation treatment plan, Date range (from/through) described by plan Set",27533-9,,nan,,LOINC_db
LN,27534-7,"Deprecated Cardiac rehabilitation treatment plan, Start date",27534-7,,nan,,LOINC_db
LN,27535-4,"Deprecated Cardiac rehabilitation treatment plan, End date",27535-4,,nan,,LOINC_db
LN,27536-2,"Cardiac rehabilitation treatment plan, Date range (from/through) of hospitalization leading to treatment Set",27536-2,,nan,,LOINC_db
LN,27539-6,"Deprecated Cardiac rehabilitation treatment plan, Continuation status",27539-6,,nan,,LOINC_db
LN,27540-4,"Deprecated Cardiac rehabilitation treatment plan, Date attending MD referred patient for Date",27540-4,,nan,,LOINC_db
LN,27541-2,"Deprecated Cardiac rehabilitation treatment plan, Date attending MD signed Date and time",27541-2,,nan,,LOINC_db
LN,27542-0,"Deprecated Cardiac rehabilitation treatment plan, Date rehabilitation professional signed",27542-0,,nan,,LOINC_db
LN,27543-8,"Deprecated Cardiac rehabilitation treatment plan, Signature of responsible attending physician on file",27543-8,,nan,,LOINC_db
LN,27544-6,"Deprecated Cardiac rehabilitation treatment plan, Signature of responsible rehabilitation professional on file",27544-6,,nan,,LOINC_db
LN,27545-3,"Cardiac rehabilitation treatment plan, Medication administered Set",27545-3,,nan,,LOINC_db
LN,27546-1,"Deprecated Cardiac rehabilitation treatment plan, Prognosis for rehabilitation",27546-1,,nan,,LOINC_db
LN,27547-9,"Deprecated Cardiac rehabilitation treatment plan, Estimated date of completion Date",27547-9,,nan,,LOINC_db
LN,27548-7,"Deprecated Cardiac rehabilitation treatment plan, Date of last plan of treatment certification",27548-7,,nan,,LOINC_db
LN,27549-5,"Deprecated Cardiac rehabilitation treatment plan, Past medical history and Level of function (narrative)",27549-5,,nan,,LOINC_db
LN,28010-7,EKG Report (narrative),28010-7,,nan,,LOINC_db
LN,28032-1,"Deprecated Cardiac echo, study",28032-1,,nan,,LOINC_db
LN,28139-4,Blood pressure alteration [CCC],28139-4,,nan,,LOINC_db
LN,28149-3,Cardiac output alteration [CCC],28149-3,,nan,,LOINC_db
LN,28150-1,Cardiovascular alteration [CCC],28150-1,,nan,,LOINC_db
LN,28230-1,Tissue perfusion alteration [CCC],28230-1,,nan,,LOINC_db
LN,29418-1,Pulmonary vein - right upper Maximum blood flow velocity during diastole by US.doppler,29418-1,,m/s; cm/s,,LOINC_db
LN,29419-9,Pulmonary vein - right upper Maximum blood flow velocity during systole/Maximum blood flow velocity during diastole by US.doppler,29419-9,,{index};{ratio},,LOINC_db
LN,29420-7,Pulmonary vein - right lower Maximum blood flow velocity during systole by US.doppler,29420-7,,m/s; cm/s,,LOINC_db
LN,29421-5,Pulmonary vein - right lower Maximum blood flow velocity during diastole by US.doppler,29421-5,,m/s; cm/s,,LOINC_db
LN,29422-3,Pulmonary vein - right lower Maximum blood flow velocity during systole/Maximum blood flow velocity during diastole by US.doppler,29422-3,,{index};{ratio},,LOINC_db
LN,29423-1,Pulmonary vein - left upper Maximum blood flow velocity during systole by US.doppler,29423-1,,m/s; cm/s,,LOINC_db
LN,29424-9,Pulmonary vein - left upper Maximum blood flow velocity during diastole by US.doppler,29424-9,,m/s; cm/s,,LOINC_db
LN,29425-6,Pulmonary vein - left upper Maximum blood flow velocity during systole/Maximum blood flow velocity during diastole by US.doppler,29425-6,,{index};{ratio},,LOINC_db
LN,29426-4,Pulmonary vein - left lower Maximum blood flow velocity during systole by US.doppler,29426-4,,m/s; cm/s,,LOINC_db
LN,29427-2,Pulmonary vein - left lower Maximum blood flow velocity during diastole by US.doppler,29427-2,,m/s; cm/s,,LOINC_db
LN,29428-0,Pulmonary vein - left lower Maximum blood flow velocity during systole/Maximum blood flow velocity during diastole by US.doppler,29428-0,,{index};{ratio},,LOINC_db
LN,29429-8,Inferior vena cava Diameter by US --inspiration,29429-8,,cm,cm,LOINC_db
LN,29430-6,Interventricular septum Thickness during diastole by US 2D,29430-6,,mm,mm,LOINC_db
LN,29431-4,Interventricular septum Thickness during diastole by US.M-mode,29431-4,,mm,mm,LOINC_db
LN,29432-2,Interventricular septum Thickness during systole by US 2D,29432-2,,mm,mm,LOINC_db
LN,29433-0,Interventricular septum Thickness during systole by US.M-mode,29433-0,,mm,mm,LOINC_db
LN,29434-8,Left ventricular Fractional shortening minor axis by US 2D,29434-8,,%,%,LOINC_db
LN,29435-5,Left ventricular Fractional shortening minor axis by US.M-mode,29435-5,,%,%,LOINC_db
LN,29436-3,Left ventricular Internal diameter minor axis diastole by US,29436-3,,cm,cm,LOINC_db
LN,29437-1,Left ventricular Internal diameter minor axis diastole by US.M-mode,29437-1,,cm,cm,LOINC_db
LN,29438-9,Left ventricular Internal diameter minor axis systole by US,29438-9,,cm,cm,LOINC_db
LN,29439-7,Left ventricular Internal diameter minor axis systole by US.M-mode,29439-7,,cm,cm,LOINC_db
LN,29440-5,Left ventricular Thickness septal wall/Thickness posterior wall by US 2D,29440-5,,{ratio},,LOINC_db
LN,29441-3,Left ventricular Thickness septal wall/Thickness posterior wall by US.M-mode,29441-3,,{ratio},,LOINC_db
LN,29442-1,Left ventricular posterior wall Thickness during diastole by US 2D,29442-1,,mm,mm,LOINC_db
LN,29443-9,Left ventricular posterior wall Thickness during diastole by US.M-mode,29443-9,,cm,cm,LOINC_db
LN,29444-7,Left ventricular posterior wall Thickness during systole by US 2D,29444-7,,mm,mm,LOINC_db
LN,29445-4,Left ventricular posterior wall Thickness during systole by US.M-mode,29445-4,,cm,cm,LOINC_db
LN,29446-2,Left ventricular posterior wall Thickening.fractional change by US 2D,29446-2,,%,%,LOINC_db
LN,29447-0,Left ventricular posterior wall Thickening.fractional change by US.M-mode,29447-0,,%,%,LOINC_db
LN,29448-8,Mitral valve Effective regurgitant orifice area by US.doppler+Calculated by PISA method,29448-8,,cm2,cm2,LOINC_db
LN,29449-6,Mitral valve Regurgitant volume by US.doppler+Calculated by PISA method,29449-6,,cm3,cm3,LOINC_db
LN,29450-4,Pulmonary vein Maximum blood flow velocity during systole by US.doppler,29450-4,,m/s; cm/s,,LOINC_db
LN,29451-2,Pulmonary vein Maximum blood flow velocity during diastole by US.doppler,29451-2,,m/s; cm/s,,LOINC_db
LN,29452-0,Pulmonary vein Maximum blood flow velocity during systole/Maximum blood flow velocity during diastole by US.doppler derived,29452-0,,{index};{ratio},,LOINC_db
LN,29453-8,Pulmonary vein Maximum A wave reversal by US.doppler,29453-8,,nan,,LOINC_db
LN,29454-6,Pulmonary vein - right upper Maximum blood flow velocity during systole by US.doppler,29454-6,,m/s; cm/s,,LOINC_db
LN,29455-3,Pulmonary vein - right upper Maximum blood flow velocity during systole/Maximum blood flow velocity during diastole by US.doppler derived,29455-3,,{index};{ratio},,LOINC_db
LN,29456-1,Pulmonary vein - right lower Maximum blood flow velocity during systole/Maximum blood flow velocity during diastole by US.doppler derived,29456-1,,{index};{ratio},,LOINC_db
LN,29457-9,Pulmonary vein - left upper Maximum blood flow velocity during systole/Maximum blood flow velocity during diastole by US.doppler derived,29457-9,,{index};{ratio},,LOINC_db
LN,29458-7,Pulmonary vein - left lower Maximum blood flow velocity during systole/Maximum blood flow velocity during diastole by US.doppler derived,29458-7,,{index};{ratio},,LOINC_db
LN,29459-5,Inferior vena cava Diameter by US --expiration,29459-5,,cm,cm,LOINC_db
LN,29460-3,Aorta Maximum coarctation flow [Velocity] by US.doppler,29460-3,,m/s; cm/s,,LOINC_db
LN,29461-1,Ventricular septal Defect.velocity.systole.maximum by US.doppler,29461-1,,nan,,LOINC_db
LN,29462-9,Pulmonic flow/Systemic flow by US.doppler,29462-9,,{index};{ratio},,LOINC_db
LN,29464-5,Pulmonary vein Maximum blood flow velocity during systole/Maximum blood flow velocity during diastole by US.doppler,29464-5,,{index};{ratio},,LOINC_db
LN,29465-2,Left ventricular End-systolic volume by US.Teichholz.calculated,29465-2,,mL,mL,LOINC_db
LN,29466-0,Right atrial Superior-Inferior [Length] by US.2D.A4C,29466-0,,nan,,LOINC_db
LN,29467-8,Left atrial Superior-Inferior [Length] by US.2D.A4C,29467-8,,nan,,LOINC_db
LN,29468-6,Left atrial Diameter anterior-posterior systole by US 2D,29468-6,,mm,mm,LOINC_db
LN,29469-4,Left atrial Major axis diameter anterior-posterior systole by US 2D,29469-4,,mm,mm,LOINC_db
LN,29470-2,Mitral valve annulus Blood velocity-time integral by US.calculated,29470-2,,nan,,LOINC_db
LN,29471-0,Hepatic vein Maximum blood flow velocity during systole by US.doppler,29471-0,,m/s; cm/s,,LOINC_db
LN,29472-8,Hepatic vein Maximum blood flow velocity during diastole by US.doppler,29472-8,,m/s; cm/s,,LOINC_db
LN,29473-6,Hepatic vein Maximum blood flow velocity during systole/Maximum blood flow velocity during diastole by US.doppler,29473-6,,{ratio},,LOINC_db
LN,29474-4,Hepatic vein Maximum A wave reversal by US.doppler,29474-4,,nan,,LOINC_db
LN,29475-1,Hepatic vein Maximum blood flow velocity during systole by US.doppler --inspiration,29475-1,,m/s; cm/s,,LOINC_db
LN,29476-9,Hepatic vein Maximum blood flow velocity during diastole by US.doppler --inspiration,29476-9,,m/s; cm/s,,LOINC_db
LN,29477-7,Hepatic vein Maximum blood flow velocity during systole/Maximum blood flow velocity during diastole by US.doppler --inspiration,29477-7,,{ratio},,LOINC_db
LN,29478-5,Hepatic vein Maximum A wave reversal by US.doppler --inspiration,29478-5,,nan,,LOINC_db
LN,29479-3,Hepatic vein Maximum blood flow velocity during systole by US.doppler --expiration,29479-3,,m/s; cm/s,,LOINC_db
LN,29480-1,Hepatic vein Maximum blood flow velocity during diastole by US.doppler --expiration,29480-1,,m/s; cm/s,,LOINC_db
LN,29481-9,Hepatic vein Maximum blood flow velocity during systole/Maximum blood flow velocity during diastole by US.doppler --expiration,29481-9,,{ratio},,LOINC_db
LN,29482-7,Hepatic vein Maximum A wave reversal by US.doppler --expiration,29482-7,,nan,,LOINC_db
LN,29483-5,Hepatic vein Maximum blood flow velocity during systole/Maximum blood flow velocity during diastole by US.doppler derived,29483-5,,{ratio},,LOINC_db
LN,29484-3,Hepatic vein Maximum blood flow velocity during systole/Maximum blood flow velocity during diastole by US.doppler derived --inspiration,29484-3,,{ratio},,LOINC_db
LN,29485-0,Hepatic vein Maximum blood flow velocity during systole/Maximum blood flow velocity during diastole by US.doppler derived --expiration,29485-0,,{ratio},,LOINC_db
LN,29486-8,Left atrial appendage Maximum emptying [Velocity] by US.doppler,29486-8,,m/s; cm/s,,LOINC_db
LN,29487-6,Aortic valve Orifice area by US.2D+Measured by planimetry,29487-6,,cm2,cm2,LOINC_db
LN,29886-9,Encephalomyocarditis virus neutralizing antibody [Titer] in Serum by Neutralization test,29886-9,,{titer},,LOINC_db
LN,30164-8,Nut Allergen Mix (Cashew+Pecan or Hickory nut+English walnut) IgE Ab [Presence] in Serum by Multidisk,30164-8,,nan,,LOINC_db
LN,30703-3,US Guidance for fluid aspiration of Pericardial space,30703-3,,nan,,LOINC_db
LN,30935-1,ST deviation,30935-1,,mV,,LOINC_db
LN,31994-7,Basophils/Leukocytes in Pericardial fluid by Manual count,31994-7,,%,%,LOINC_db
LN,32013-5,Eosinophils/Leukocytes in Pericardial fluid by Manual count,32013-5,,%,%,LOINC_db
LN,32027-5,Monocytes+Macrophages/Leukocytes in Pericardial fluid by Manual count,32027-5,,%,%,LOINC_db
LN,32036-6,Granulocytes [Presence] in Pericardial fluid by Wright stain,32036-6,,nan,,LOINC_db
LN,32193-5,Monocytes+Macrophages [Presence] in Pericardial fluid by Light microscopy,32193-5,,nan,,LOINC_db
LN,32202-4,Unidentified cells [#/volume] in Pericardial fluid by Manual count,32202-4,,10*3/uL,,LOINC_db
LN,34534-8,12 lead EKG panel,34534-8,,nan,,LOINC_db
LN,34552-0,Cardiac 2D echo panel,34552-0,,nan,,LOINC_db
LN,34849-0,Cardiothoracic Surgery Consult Note,34849-0,,nan,,LOINC_db
LN,34850-8,Cardiothoracic Surgery Outpatient Note,34850-8,,nan,,LOINC_db
LN,36009-9,MRA Heart,36009-9,,nan,,LOINC_db
LN,36091-7,MR Heart limited,36091-7,,nan,,LOINC_db
LN,36197-2,MR Heart W contrast IV,36197-2,,nan,,LOINC_db
LN,36357-2,MR Heart WO and W contrast IV,36357-2,,nan,,LOINC_db
LN,36482-8,MR Heart WO contrast,36482-8,,nan,,LOINC_db
LN,36934-8,CT Heart for calcium scoring,36934-8,,nan,,LOINC_db
LN,36935-5,CT Heart for calcium scoring W contrast IV,36935-5,,nan,,LOINC_db
LN,37434-8,MR Heart cine for function,37434-8,,nan,,LOINC_db
LN,38398-4,Crystals [type] in Pericardial fluid by Light microscopy,38398-4,,nan,,LOINC_db
LN,39140-9,MR Heart cine for blood flow velocity mapping,39140-9,,nan,,LOINC_db
LN,39170-6,Cardiac screen results indicator CPHS,39170-6,,nan,,LOINC_db
LN,39171-4,Cardiac screen follow-up status CPHS,39171-4,,nan,,LOINC_db
LN,39172-2,Cardiac screen finding recency CPHS,39172-2,,nan,,LOINC_db
LN,39257-1,Cardiac screen assessment Set CPHS,39257-1,,nan,,LOINC_db
LN,39647-3,SPECT Heart W Tc-99m Tetrofosmin IV,39647-3,,nan,,LOINC_db
LN,39648-1,SPECT Heart W dipyridamole IV,39648-1,,nan,,LOINC_db
LN,39649-9,SPECT Heart,39649-9,,nan,,LOINC_db
LN,39650-7,NM Heart Views,39650-7,,nan,,LOINC_db
LN,39651-5,NM Heart Views W adenosine and W Tl-201 IV,39651-5,,nan,,LOINC_db
LN,39652-3,NM Heart Views W dobutamine and W Tl-201 IV,39652-3,,nan,,LOINC_db
LN,39653-1,NM Heart Views for infarct,39653-1,,nan,,LOINC_db
LN,39654-9,SPECT Heart for infarct W Tc-99m PYP IV,39654-9,,nan,,LOINC_db
LN,39655-6,SPECT Heart for infarct W Tc-99m Sestamibi IV,39655-6,,nan,,LOINC_db
LN,39656-4,SPECT Heart for infarct,39656-4,,nan,,LOINC_db
LN,39657-2,NM Heart Views for infarct W Tc-99m PYP IV,39657-2,,nan,,LOINC_db
LN,39658-0,SPECT Heart at rest and W radionuclide IV,39658-0,,nan,,LOINC_db
LN,39659-8,Deprecated Heart Scintigraphy at rest & W Tl-201 IV,39659-8,,nan,,LOINC_db
LN,39660-6,NM Heart Views at rest and W dipyridamole and W radionuclide IV,39660-6,,nan,,LOINC_db
LN,39661-4,NM Heart Views at rest and W dobutamine and W radionuclide IV,39661-4,,nan,,LOINC_db
LN,39662-2,SPECT Heart at rest and W stress and W Tc-99m Sestamibi IV,39662-2,,nan,,LOINC_db
LN,39663-0,NM Heart Views at rest and W stress and W radionuclide IV,39663-0,,nan,,LOINC_db
LN,39664-8,NM Heart Views for shunt detection W Tc-99m MAA IV,39664-8,,nan,,LOINC_db
LN,39665-5,NM Heart Views for shunt detection,39665-5,,nan,,LOINC_db
LN,39666-3,NM Heart Views W stress and W 201 Th IV,39666-3,,nan,,LOINC_db
LN,39667-1,NM Heart Views W stress and W radionuclide IV,39667-1,,nan,,LOINC_db
LN,39668-9,SPECT Heart W stress and W radionuclide IV,39668-9,,nan,,LOINC_db
LN,39699-4,NM Heart Perfusion at rest and W Tc-99m Sestamibi IV,39699-4,,nan,,LOINC_db
LN,39700-0,SPECT Heart perfusion W adenosine and W radionuclide IV,39700-0,,nan,,LOINC_db
LN,39701-8,NM Heart Perfusion W adenosine and W radionuclide IV,39701-8,,nan,,LOINC_db
LN,39702-6,NM Heart Perfusion W dobutamine and W Tc-99m Sestamibi IV,39702-6,,nan,,LOINC_db
LN,39703-4,NM Heart Perfusion W dobutamine IV,39703-4,,nan,,LOINC_db
LN,39704-2,NM Heart Perfusion W Tc-99m Sestamibi IV,39704-2,,nan,,LOINC_db
LN,39705-9,NM Heart Perfusion W dipyridamole and W Tc-99m Sestamibi IV,39705-9,,nan,,LOINC_db
LN,39706-7,Deprecated Heart Scintigraphy perfusion W dipyridamole & W Tc-99m Sestamibi IV,39706-7,,nan,,LOINC_db
LN,39707-5,NM Heart Perfusion W dipyridamole and W Tl-201 IV,39707-5,,nan,,LOINC_db
LN,39708-3,NM Heart Perfusion W dipyridamole IV,39708-3,,nan,,LOINC_db
LN,39709-1,NM Heart Perfusion W dipyridamole and W Tc-99m IV,39709-1,,nan,,LOINC_db
LN,39710-9,SPECT Heart perfusion W Tc-99m Sestamibi IV,39710-9,,nan,,LOINC_db
LN,39711-7,SPECT Heart perfusion W Tl-201 IV,39711-7,,nan,,LOINC_db
LN,39712-5,SPECT Heart perfusion,39712-5,,nan,,LOINC_db
LN,39713-3,NM Heart Perfusion W Tl-201 IV and W Tc-99m Tetrofosmin IV,39713-3,,nan,,LOINC_db
LN,39714-1,NM Heart Perfusion W Tl-201 IV,39714-1,,nan,,LOINC_db
LN,39715-8,NM Heart Perfusion W stress and W Tl-201 IV,39715-8,,nan,,LOINC_db
LN,39716-6,NM Heart Perfusion,39716-6,,nan,,LOINC_db
LN,39717-4,Deprecated Heart Scintigraphy perfusion at rest & W Tc-99m Sestamibi IV,39717-4,,nan,,LOINC_db
LN,39718-2,SPECT Heart perfusion at rest and W radionuclide IV,39718-2,,nan,,LOINC_db
LN,39719-0,NM Heart Perfusion at rest and W adenosine and W radionuclide IV,39719-0,,nan,,LOINC_db
LN,39720-8,NM Heart Perfusion at rest and W dipyridamole and W Tc-99m Sestamibi IV,39720-8,,nan,,LOINC_db
LN,39721-6,Deprecated Heart Scintigraphy perfusion at rest & W stress & W Tc-99m Sestamibi IV,39721-6,,nan,,LOINC_db
LN,39722-4,NM Heart Perfusion at rest and W dipyridamole and W radionuclide IV,39722-4,,nan,,LOINC_db
LN,39723-2,SPECT Heart perfusion at rest and W stress and W Tl-201 IV,39723-2,,nan,,LOINC_db
LN,39724-0,SPECT Heart perfusion at rest and W stress and W radionuclide IV,39724-0,,nan,,LOINC_db
LN,39725-7,SPECT Heart perfusion at rest and W adenosine and W Tl-201 IV,39725-7,,nan,,LOINC_db
LN,39726-5,NM Heart Perfusion at rest and W stress and W radionuclide IV,39726-5,,nan,,LOINC_db
LN,39727-3,NM Heart Perfusion at rest and W stress and W Tc-99m Sestamibi IV,39727-3,,nan,,LOINC_db
LN,39728-1,NM Heart Perfusion at rest and W radionuclide IV,39728-1,,nan,,LOINC_db
LN,39729-9,SPECT Heart perfusion at rest and W Tl-201 IV,39729-9,,nan,,LOINC_db
LN,39730-7,NM Heart Perfusion W stress and W radionuclide IV,39730-7,,nan,,LOINC_db
LN,39731-5,NM Heart Perfusion W adenosine and W Tc-99m Sestamibi IV,39731-5,,nan,,LOINC_db
LN,39732-3,NM Heart Perfusion W stress and W Tc-99m Sestamibi IV,39732-3,,nan,,LOINC_db
LN,39733-1,NM Heart Perfusion W dobutamine and W Tl-201 IV,39733-1,,nan,,LOINC_db
LN,39734-9,SPECT Heart perfusion W stress and W radionuclide IV,39734-9,,nan,,LOINC_db
LN,39735-6,NM Heart Perfusion W adenosine and W Tl-201 IV,39735-6,,nan,,LOINC_db
LN,39736-4,SPECT Heart perfusion W stress and W Tc-99m Sestamibi IV,39736-4,,nan,,LOINC_db
LN,39860-2,NM Heart Blood pool W stress and W radionuclide IV,39860-2,,nan,,LOINC_db
LN,39861-0,NM Heart Blood pool,39861-0,,nan,,LOINC_db
LN,39862-8,SPECT Heart blood pool at rest and W radionuclide IV,39862-8,,nan,,LOINC_db
LN,39863-6,NM Heart First pass at rest and W stress and W radionuclide IV,39863-6,,nan,,LOINC_db
LN,39864-4,NM Heart First pass,39864-4,,nan,,LOINC_db
LN,39865-1,NM Left ventricle First pass,39865-1,,nan,,LOINC_db
LN,39866-9,NM Heart First pass at rest and W Tc-99m Sestamibi IV,39866-9,,nan,,LOINC_db
LN,39867-7,NM Heart First pass at rest and W radionuclide IV,39867-7,,nan,,LOINC_db
LN,39868-5,NM Heart First pass W stress and W Tc-99m Sestamibi IV,39868-5,,nan,,LOINC_db
LN,39869-3,NM Heart First pass W stress and W radionuclide IV,39869-3,,nan,,LOINC_db
LN,39870-1,NM Heart Views for blood flow W Tc-99m pertechnetate IV,39870-1,,nan,,LOINC_db
LN,39871-9,NM Heart Views for blood flow,39871-9,,nan,,LOINC_db
LN,39872-7,SPECT Heart wall motion,39872-7,,nan,,LOINC_db
LN,39873-5,NM Heart Wall motion,39873-5,,nan,,LOINC_db
LN,39885-9,NM Heart First pass and Ventricular volume,39885-9,,nan,,LOINC_db
LN,39886-7,NM Heart First pass and Wall motion at rest and W radionuclide IV,39886-7,,nan,,LOINC_db
LN,39887-5,NM Heart First pass and Ejection fraction at rest and W radionuclide IV,39887-5,,nan,,LOINC_db
LN,39888-3,NM Heart First pass and Wall motion W stress and W radionuclide IV,39888-3,,nan,,LOINC_db
LN,39889-1,NM Heart First pass and Ejection fraction,39889-1,,nan,,LOINC_db
LN,39890-9,NM Heart First pass and Wall motion,39890-9,,nan,,LOINC_db
LN,39891-7,NM Heart Views for infarct and first pass W Tc-99m PYP IV,39891-7,,nan,,LOINC_db
LN,39892-5,NM Heart Views for infarct and first pass,39892-5,,nan,,LOINC_db
LN,39893-3,NM Heart Views for blood flow and shunt detection,39893-3,,nan,,LOINC_db
LN,39894-1,Deprecated NM Heart Static Views for shunt detection,39894-1,,nan,,LOINC_db
LN,39895-8,NM Gallbladder Views for ejection fraction W Tc-99m DISIDA IV,39895-8,,nan,,LOINC_db
LN,39908-9,NM Heart First pass and Wall motion and Ventricular volume W stress and W radionuclide IV,39908-9,,nan,,LOINC_db
LN,39909-7,NM Heart First pass and Wall motion and Ventricular volume and Ejection fraction W stress and W radionuclide IV,39909-7,,nan,,LOINC_db
LN,39910-5,NM Heart First pass and Wall motion and Ejection fraction,39910-5,,nan,,LOINC_db
LN,39911-3,Deprecated Heart Scan first pass & wall motion & ejection fraction single view,39911-3,,nan,,LOINC_db
LN,39912-1,NM Heart First pass and Wall motion and Ventricular volume and Ejection fraction,39912-1,,nan,,LOINC_db
LN,39913-9,SPECT Heart gated and ejection fraction,39913-9,,nan,,LOINC_db
LN,39914-7,NM Heart Gated W Tc-99m Sestamibi IV,39914-7,,nan,,LOINC_db
LN,39915-4,NM Heart Gated,39915-4,,nan,,LOINC_db
LN,39916-2,SPECT Heart gated,39916-2,,nan,,LOINC_db
LN,39917-0,NM Heart Gated and Ejection fraction,39917-0,,nan,,LOINC_db
LN,39918-8,SPECT Heart gated and wall motion,39918-8,,nan,,LOINC_db
LN,39919-6,NM Heart Gated and First pass,39919-6,,nan,,LOINC_db
LN,39920-4,NM Heart Gated at rest and W Tc-99m Sestamibi IV,39920-4,,nan,,LOINC_db
LN,39921-2,NM Heart Gated at rest and W radionuclide IV,39921-2,,nan,,LOINC_db
LN,39922-0,NM Heart Gated at rest and W Tc-99m pertechnetate IV,39922-0,,nan,,LOINC_db
LN,39923-8,NM Heart Gated and Ejection fraction at rest and W radionuclide IV,39923-8,,nan,,LOINC_db
LN,39924-6,NM Heart Gated at rest and W stress and W radionuclide IV,39924-6,,nan,,LOINC_db
LN,39925-3,NM Heart Gated and Wall motion and Ejection fraction at rest and W radionuclide IV,39925-3,,nan,,LOINC_db
LN,39926-1,Deprecated Heart Scintigraphy gated W stress & W radionuclide IV,39926-1,,nan,,LOINC_db
LN,39927-9,NM Heart Gated W stress and W Tc-99m pertechnetate IV,39927-9,,nan,,LOINC_db
LN,39928-7,NM Heart Gated W stress and W radionuclide IV,39928-7,,nan,,LOINC_db
LN,39929-5,NM Heart Gated and Wall motion W stress and W radionuclide IV,39929-5,,nan,,LOINC_db
LN,39930-3,SPECT Heart gated W stress and W radionuclide IV,39930-3,,nan,,LOINC_db
LN,39931-1,NM Heart Gated and Wall motion and Ejection fraction,39931-1,,nan,,LOINC_db
LN,39932-9,NM Heart Wall motion and Ejection fraction,39932-9,,nan,,LOINC_db
LN,40523-3,Histiocytes/cells in Pericardial fluid by Manual count,40523-3,,%,%,LOINC_db
LN,40524-1,Macrophages/Leukocytes in Pericardial fluid by Manual count,40524-1,,%,%,LOINC_db
LN,40525-8,Monocytes/Leukocytes in Pericardial fluid by Manual count,40525-8,,%,%,LOINC_db
LN,40526-6,Plasma cells/Leukocytes in Pericardial fluid by Manual count,40526-6,,%,%,LOINC_db
LN,41598-4,Bacteria [Presence] in Pericardial fluid by Light microscopy,41598-4,,nan,,LOINC_db
LN,41919-2,Heart rate device Vendor software version,41919-2,,nan,,LOINC_db
LN,42136-2,CT Guidance for biopsy of Heart,42136-2,,nan,,LOINC_db
LN,42148-7,US Heart,42148-7,,nan,,LOINC_db
LN,42161-0,NM Heart Views W dobutamine IV,42161-0,,nan,,LOINC_db
LN,42166-9,NM Heart 2 Views at rest and W Tl-201 IV,42166-9,,nan,,LOINC_db
LN,42181-8,Myocardium Ab [Presence] in Serum by Immunofluorescence,42181-8,,nan,,LOINC_db
LN,42306-1,NM Heart Gated and Wall motion,42306-1,,nan,,LOINC_db
LN,42309-5,NM Heart Views at rest and W stress and W Tl-201 IV,42309-5,,nan,,LOINC_db
LN,42463-0,US Guidance for biopsy of Endomyocardium,42463-0,,nan,,LOINC_db
LN,42707-0,US Heart limited,42707-0,,nan,,LOINC_db
LN,43365-6,Nocardia sp identified in Specimen by Organism specific culture,43365-6,,nan,,LOINC_db
LN,43460-5,Deprecated Heart Scan during electroconvulsive shock treatment,43460-5,,nan,,LOINC_db
LN,43549-5,Deprecated Heart Scan perfusion W stress,43549-5,,nan,,LOINC_db
LN,43645-1,NM Heart Qualitative Views for infarct,43645-1,,nan,,LOINC_db
LN,43646-9,NM Heart Qualitative and Quantitative Views for infarct,43646-9,,nan,,LOINC_db
LN,43647-7,NM Heart Quantitative Views for infarct,43647-7,,nan,,LOINC_db
LN,43658-4,NM Heart Perfusion quantitative,43658-4,,nan,,LOINC_db
LN,43659-2,SPECT Heart perfusion qualitative at rest and W radionuclide IV,43659-2,,nan,,LOINC_db
LN,43660-0,NM Heart Perfusion qualitative at rest and W radionuclide IV,43660-0,,nan,,LOINC_db
LN,43661-8,NM Heart Perfusion quantitative at rest and W radionuclide IV,43661-8,,nan,,LOINC_db
LN,43777-2,NM Heart Perfusion at rest and W adenosine and W Tl-201 IV,43777-2,,nan,,LOINC_db
LN,44042-0,Basophils [Presence] in Pericardial fluid by Light microscopy,44042-0,,nan,,LOINC_db
LN,44126-1,MR Heart cine for blood flow velocity mapping W contrast IV,44126-1,,nan,,LOINC_db
LN,44127-9,MR Heart limited cine for function,44127-9,,nan,,LOINC_db
LN,44137-8,PT Heart,44137-8,,nan,,LOINC_db
LN,44143-6,NM Heart Views W Tc-99m tagged RBC IV,44143-6,,nan,,LOINC_db
LN,44151-9,SPECT Heart W Tc-99m Sestamibi IV,44151-9,,nan,,LOINC_db
LN,44154-3,SPECT Heart W dipyridamole and W Tc-99m Sestamibi IV,44154-3,,nan,,LOINC_db
LN,44886-0,Malignant cells [#/volume] in Pericardial fluid by Manual count,44886-0,,10*3/uL,,LOINC_db
LN,44897-7,Malignant cells/cells in Pericardial fluid by Manual count,44897-7,,%,%,LOINC_db
LN,44970-2,Cardiac monitor interpretation Narrative,44970-2,,nan,,LOINC_db
LN,45646-7,Other cardiovascular disease [Minimum Data Set],45646-7,,nan,,LOINC_db
LN,46213-5,Tilt table study,46213-5,,nan,,LOINC_db
LN,46214-3,Intracardiac ablation study,46214-3,,nan,,LOINC_db
LN,46395-0,SPECT Heart gated and ejection fraction at rest and W stress and W radionuclide IV,46395-0,,nan,,LOINC_db
LN,46396-8,SPECT Heart gated at rest and W Tc-99m Sestamibi IV,46396-8,,nan,,LOINC_db
LN,46707-6,Food Allergen Mix 22 (Cashew+Pecan or Hickory nut+Walnut+Pistachio) IgE Ab [Units/volume] in Serum by Multidisk,46707-6,,k[IU]/L,,LOINC_db
LN,48554-0,Myocardium Ab [Titer] in Pleural fluid by Immunofluorescence,48554-0,,{titer},,LOINC_db
LN,49563-0,Troponin I.cardiac [Mass/volume] in Serum or Plasma by Detection limit <= 0.01 ng/mL,49563-0,,ng/mL,,LOINC_db
LN,49566-3,SPECT Heart at rest and W Tc-99m Sestamibi IV,49566-3,,nan,,LOINC_db
LN,49567-1,SPECT Heart perfusion W adenosine and W Tc-99m Sestamibi IV,49567-1,,nan,,LOINC_db
LN,49568-9,SPECT Heart perfusion at rest and W stress and W Tl-201 IV and W Tc-99m Sestamibi IV,49568-9,,nan,,LOINC_db
LN,49569-7,SPECT Heart perfusion and wall motion at rest and W stress and W Tl-201 IV and W Tc-99m Sestamibi IV,49569-7,,nan,,LOINC_db
LN,49966-5,Granulocytes/Leukocytes in Pericardial fluid by Manual count,49966-5,,%,%,LOINC_db
LN,52189-8,"Deprecated Cardiac rehabilitation treatment plan, Date range (from/through) DateRange",52189-8,,nan,,LOINC_db
LN,52190-6,"Deprecated Cardiac rehabilitation treatment plan, Date range (from/through) of hospitalization leading to treatment",52190-6,,nan,,LOINC_db
LN,52191-4,"Cardiac rehabilitation treatment plan, Referral information Set",52191-4,,nan,,LOINC_db
LN,52192-2,"Deprecated Cardiac rehabilitation treatment plan, Referral information (narrative)",52192-2,,nan,,LOINC_db
LN,52193-0,"Deprecated Cardiac rehabilitation treatment plan, Referring person name",52193-0,,nan,,LOINC_db
LN,52194-8,"Deprecated Cardiac rehabilitation treatment plan, Referring person identifier",52194-8,,nan,,LOINC_db
LN,52195-5,"Deprecated Cardiac rehabilitation treatment plan, Date patient referred for treatment",52195-5,,nan,,LOINC_db
LN,52196-3,"Cardiac rehabilitation treatment plan, Responsible attending physician information Set",52196-3,,nan,,LOINC_db
LN,52197-1,"Cardiac rehabilitation treatment plan, Responsible rehabilitation professional information Set",52197-1,,nan,,LOINC_db
LN,52198-9,"Deprecated Cardiac rehabilitation treatment plan, Medication rate Flow",52198-9,,nan,,LOINC_db
LN,52199-7,"Deprecated Cardiac rehabilitation treatment plan, Medication timing TQ2",52199-7,,nan,,LOINC_db
LN,52200-3,"Deprecated Cardiac rehabilitation treatment plan, Date range certifying the plan of care DateRange",52200-3,,nan,,LOINC_db
LN,52201-1,"Deprecated Cardiac rehabilitation treatment plan, Physician certification statement (narrative)",52201-1,,nan,,LOINC_db
LN,52202-9,"Deprecated Cardiac rehabilitation treatment plan, Actual start of care date",52202-9,,nan,,LOINC_db
LN,52203-7,"Deprecated Cardiac rehabilitation treatment plan, Past medical history (narrative)",52203-7,,nan,,LOINC_db
LN,52204-5,"Cardiac rehabilitation treatment plan, Level of function Set",52204-5,,nan,,LOINC_db
LN,52205-2,"Deprecated Cardiac rehabilitation treatment plan, Prior level of function (narrative)",52205-2,,nan,,LOINC_db
LN,52206-0,"Deprecated Cardiac rehabilitation treatment plan, Current level of function (narrative)",52206-0,,nan,,LOINC_db
LN,52207-8,"Cardiac rehabilitation treatment plan, Assessment information Set",52207-8,,nan,,LOINC_db
LN,52208-6,"Deprecated Cardiac rehabilitation treatment plan, Assessment indicator",52208-6,,nan,,LOINC_db
LN,52209-4,"Deprecated Cardiac rehabilitation treatment plan, Functional status (narrative)",52209-4,,nan,,LOINC_db
LN,52210-2,"Deprecated Cardiac rehabilitation treatment plan, Activities permitted (narrative)",52210-2,,nan,,LOINC_db
LN,52211-0,"Deprecated Cardiac rehabilitation treatment plan, Mental status (narrative)",52211-0,,nan,,LOINC_db
LN,52212-8,"Deprecated Cardiac rehabilitation treatment plan, Additional assessment (narrative)",52212-8,,nan,,LOINC_db
LN,52213-6,"Deprecated Cardiac rehabilitation treatment plan, Treatment encounter (narrative)",52213-6,,nan,,LOINC_db
LN,52214-4,Cardiac rehabilitation treatment plan Progress note and attainment of goals Set,52214-4,,nan,,LOINC_db
LN,52215-1,Deprecated Cardiac rehabilitation treatment plan Progress note and attainment of goals date range,52215-1,,nan,,LOINC_db
LN,52431-4,"Deprecated Cardiac rehabilitation treatment plan, Medication identifier",52431-4,,nan,,LOINC_db
LN,52432-2,"Deprecated Cardiac rehabilitation treatment plan, Medication name Identifier",52432-2,,nan,,LOINC_db
LN,5260-5,Myocardium Ab [Titer] in Serum by Immunofluorescence,5260-5,,{titer},,LOINC_db
LN,52815-8,Nucleated cells [#/volume] in Pericardial fluid by Automated count,52815-8,,10*3/uL,,LOINC_db
LN,53655-7,Fetal Heart Diameter transverse US,53655-7,,mm,mm,LOINC_db
LN,53656-5,Fetal Heart Diameter.anterior-posterior US,53656-5,,mm,mm,LOINC_db
LN,53657-3,Fetal Heart Circumference US,53657-3,,cm,cm,LOINC_db
LN,53660-7,Fetal Heart Narrative Study observation US,53660-7,,nan,,LOINC_db
LN,53673-0,Fetal Right ventricle Diameter during diastole US,53673-0,,mm,mm,LOINC_db
LN,53685-4,Fetal Left ventricle Diameter during diastole US,53685-4,,mm,mm,LOINC_db
LN,53915-5,Microscopic observation [Identifier] in Pericardial fluid by Rhodamine-auramine fluorochrome stain,53915-5,,nan,,LOINC_db
LN,55406-3,Left ventricular Cardiac ejection fraction method,55406-3,,nan,,LOINC_db
LN,55601-9,Microscopic observation [Identifier] in Pericardial fluid by Cyto stain,55601-9,,nan,,LOINC_db
LN,56633-1,Myocardium IgG Ab [Titer] in Serum by Immunofluorescence,56633-1,,{titer},,LOINC_db
LN,56715-6,Bacteria identified in Pericardial fluid by Culture,56715-6,,nan,,LOINC_db
LN,57167-9,Cardiothoracic Surgery Referral Note,57167-9,,nan,,LOINC_db
LN,57842-7,Erythrocytes [#/volume] in Pericardial fluid by Automated count,57842-7,,10*6/uL,,LOINC_db
LN,57846-8,Leukocytes [#/volume] in Pericardial fluid by Automated count,57846-8,,10*3/uL,,LOINC_db
LN,58244-5,Deprecated PhenX measure - sudden cardiac arrest,58244-5,,nan,,LOINC_db
LN,58245-2,Deprecated PhenX measure - myocardial infarction,58245-2,,nan,,LOINC_db
LN,58744-4,CT Heart,58744-4,,nan,,LOINC_db
LN,58749-3,MR Heart W stress and WO and W contrast IV,58749-3,,nan,,LOINC_db
LN,58750-1,MR Heart W stress,58750-1,,nan,,LOINC_db
LN,58905-1,Nucleated cells [#/volume] in Pericardial fluid by Manual count,58905-1,,10*3/uL,,LOINC_db
LN,59073-7,"Heart Circumference, transverse by US",59073-7,,cm,cm,LOINC_db
LN,59074-5,"Heart circumference, transverse/Thorax circumference by US",59074-5,,{ratio},,LOINC_db
LN,59075-2,"Heart Cross-sectional, transverse [Area] by US",59075-2,,cm2,cm2,LOINC_db
LN,59076-0,"Heart cross-sectional, transverse/Thorax, transverse by US",59076-0,,{index};{ratio},,LOINC_db
LN,59077-8,Heart Foramen ovale diameter/Aortic root diameter by US,59077-8,,{ratio},,LOINC_db
LN,59078-6,Heart Left ventricular diameter/Right ventricular diameter by US,59078-6,,{ratio},,LOINC_db
LN,59079-4,Pulmonary vein Peak reversal velocity by US --during atrial contraction,59079-4,,nan,,LOINC_db
LN,59080-2,Heart valve Peak E wave by US,59080-2,,nan,,LOINC_db
LN,59081-0,Heart valve Peak A wave by US,59081-0,,nan,,LOINC_db
LN,59082-8,Heart valve Closure to opening [Time] by US,59082-8,,ms,ms,LOINC_db
LN,59083-6,Heart Isovolumic relaxation time by US,59083-6,,ms,ms,LOINC_db
LN,59084-4,Heart Isovolumic contraction time by US,59084-4,,ms,ms,LOINC_db
LN,59085-1,Heart valve Pre ejection time by US,59085-1,,ms,ms,LOINC_db
LN,59086-9,Left ventricular Ejection time heart rate-corrected by US,59086-9,,ms,ms,LOINC_db
LN,59087-7,Ventricular Pre ejection time heart rate-corrected by US,59087-7,,ms,ms,LOINC_db
LN,59088-5,Ventricular Pre ejection time/Ejection time by US,59088-5,,{index};{ratio},,LOINC_db
LN,59089-3,Region of interest Thickness by US,59089-3,,mm,mm,LOINC_db
LN,59090-1,Region of interest Internal dimension by US,59090-1,,cm,cm,LOINC_db
LN,59091-9,Heart valve D-E excursion [Length] by US,59091-9,,mm,mm,LOINC_db
LN,59092-7,Region of interest Thickening by US,59092-7,,mm,mm,LOINC_db
LN,59093-5,Epicardial area by US,59093-5,,cm2,cm2,LOINC_db
LN,59094-3,Endocardial area by US,59094-3,,cm2,cm2,LOINC_db
LN,59095-0,Ventricular QRS to S wave peak [Time] by US,59095-0,,ms,ms,LOINC_db
LN,59096-8,Ventricular QRS to E wave peak [Time] by US,59096-8,,ms,ms,LOINC_db
LN,59097-6,Left ventricular Meridional wall stress [Pressure] by US,59097-6,,gf/cm2,,LOINC_db
LN,59098-4,Mitral valve E-septal separation [Length] by US,59098-4,,mm,mm,LOINC_db
LN,59099-2,Ventricular Myocardial performance index (Tei) by US,59099-2,,{index};{ratio},,LOINC_db
LN,59100-8,Heart valve A-wave amplitude [Length] by US,59100-8,,mm,mm,LOINC_db
LN,59101-6,Pulmonary artery Pressure by derived by US,59101-6,,mm[Hg],,LOINC_db
LN,59102-4,Flow radius by US,59102-4,,mm,mm,LOINC_db
LN,59103-2,Heart valve A-C interval by US,59103-2,,ms,ms,LOINC_db
LN,59104-0,Heart valve Peak E wave/Peak A wave by US,59104-0,,{ratio},,LOINC_db
LN,59105-7,A-wave duration by US,59105-7,,ms,ms,LOINC_db
LN,59106-5,Peak pressure gradient by US --at stenosis,59106-5,,mm[Hg],,LOINC_db
LN,59107-3,Peak velocity by US --at stenosis,59107-3,,nan,,LOINC_db
LN,59108-1,Body region Envelope duration by US,59108-1,,ms,ms,LOINC_db
LN,59109-9,Heart valve Leaflet separation [Length] by US,59109-9,,mm,mm,LOINC_db
LN,59110-7,Heart valve Leaflet thickness by US,59110-7,,mm,mm,LOINC_db
LN,59111-5,Heart valve E velocity/Annulus E wave by US,59111-5,,{index};{ratio},,LOINC_db
LN,59112-3,Circulatory system Pulmonary vein A duration/Mitral vave A duration by US,59112-3,,{index};{ratio},,LOINC_db
LN,59113-1,Pulmonary vein+Mitral valve Pulmonary vein A VTI/Mitral valve VTI by US,59113-1,,nan,,LOINC_db
LN,59114-9,Pulmonary vein A duration to Mitral valve A duration difference by US,59114-9,,ms,ms,LOINC_db
LN,59115-6,Heart valve Flow propagation velocity by US,59115-6,,m/s; cm/s,,LOINC_db
LN,59116-4,Aortic sinotubular junction diameter/Aortic root diameter by US,59116-4,,{ratio},,LOINC_db
LN,59117-2,Left ventricular Mean circumferential fiber shortening [Velocity] by US,59117-2,,mL,mL,LOINC_db
LN,59118-0,Left ventricular Mean circumferential fiber shortening [Velocity] heart rate-corrected by US,59118-0,,mL,mL,LOINC_db
LN,59119-8,Ventricular Diastolic filling period by US,59119-8,,ms,ms,LOINC_db
LN,59120-6,dP/dt [Pressure rate] by US,59120-6,,{ratio},,LOINC_db
LN,59121-4,Time to peak by US,59121-4,,nan,,LOINC_db
LN,59122-2,Heart valve C-E distance [Length] by US,59122-2,,mm,mm,LOINC_db
LN,59123-0,Heart valve Jet cross-section [Area] by US,59123-0,,cm2,cm2,LOINC_db
LN,59124-8,Left ventricular Velocity-time integral (VTI) for the area under E wave by US,59124-8,,cm,cm,LOINC_db
LN,59125-5,Left ventricular Velocity-time integral (VTI) for the area under A wave by US,59125-5,,cm,cm,LOINC_db
LN,59126-3,Pulmonic valve B-C slope [Velocity] by US,59126-3,,nan,,LOINC_db
LN,59127-1,Heart valve D-E slope [Velocity] by US,59127-1,,nan,,LOINC_db
LN,59128-9,Heart valve E-F slope [Velocity] by US,59128-9,,nan,,LOINC_db
LN,59129-7,Left ventricular E-wave/A-wave by US,59129-7,,{ratio},,LOINC_db
LN,59130-5,Equipment Alias velocity by US,59130-5,,nan,,LOINC_db
LN,59131-3,Atrium Left atrium volume/Right atrium volume by US,59131-3,,{ratio},,LOINC_db
LN,59132-1,Heart.XXX Fractional shortening by US,59132-1,,%,%,LOINC_db
LN,59133-9,Heart.XXX Tissue velocity by US,59133-9,,nan,,LOINC_db
LN,59255-0,Deprecated Chest>Heart.atrium.left+Pulmonary veins CT angiogram and 3D reconstruction W contrast IV,59255-0,,nan,,LOINC_db
LN,59281-6,US Heart Transthoracic,59281-6,,nan,,LOINC_db
LN,59282-4,Cardiac stress echo study,59282-4,,nan,,LOINC_db
LN,60018-9,Lactate dehydrogenase [Enzymatic activity/volume] in Pericardial fluid by Pyruvate to lactate reaction,60018-9,,U/L,,LOINC_db
LN,60019-7,Lactate dehydrogenase [Enzymatic activity/volume] in Pericardial fluid by Lactate to pyruvate reaction,60019-7,,U/L,,LOINC_db
LN,60492-6,Hypertrophic cardiomyopathy gene targeted mutation analysis in Blood or Tissue by Molecular genetics method,60492-6,,nan,,LOINC_db
LN,60960-2,ST amplitude.lead AI,60960-2,,mV,,LOINC_db
LN,60961-0,ST amplitude.lead AS,60961-0,,mV,,LOINC_db
LN,60962-8,ST amplitude.derived lead V1,60962-8,,mV,,LOINC_db
LN,60963-6,ST amplitude.derived lead V2,60963-6,,mV,,LOINC_db
LN,60964-4,ST amplitude.derived lead V3,60964-4,,mV,,LOINC_db
LN,60965-1,ST amplitude.derived lead V4,60965-1,,mV,,LOINC_db
LN,60966-9,ST amplitude.derived lead V5,60966-9,,mV,,LOINC_db
LN,60967-7,ST amplitude.derived lead V6,60967-7,,mV,,LOINC_db
LN,60968-5,ST amplitude.lead ES,60968-5,,mV,,LOINC_db
LN,60969-3,ST amplitude.lead MCL,60969-3,,mV,,LOINC_db
LN,60970-1,ST amplitude.lead MCL1,60970-1,,mV,,LOINC_db
LN,60971-9,ST amplitude.lead MCL6,60971-9,,mV,,LOINC_db
LN,60972-7,ST amplitude.precordial lead,60972-7,,mV,,LOINC_db
LN,60973-5,Left ventricular Pre ejection Time,60973-5,,ms,ms,LOINC_db
LN,60974-3,Left ventricular Ejection Time,60974-3,,ms,ms,LOINC_db
LN,60976-8,Right ventricular Work [Energy],60976-8,,gf.m,,LOINC_db
LN,60977-6,Left ventricular Work [Energy],60977-6,,gf.m,,LOINC_db
LN,60988-3,Left atrial pressure,60988-3,,mm[Hg],,LOINC_db
LN,60989-1,Left atrial pressure Systolic,60989-1,,mm[Hg],,LOINC_db
LN,60996-6,Right atrial pressure,60996-6,,mm[Hg],,LOINC_db
LN,60997-4,Right atrial pressure Diastolic,60997-4,,mm[Hg],,LOINC_db
LN,60998-2,Right atrial pressure Systolic,60998-2,,mm[Hg],,LOINC_db
LN,61014-7,Left ventricular Cardiac output by Intermitent measure,61014-7,,L/min,,LOINC_db
LN,62396-7,PhenX - sudden cardiac arrest protocol 040701,62396-7,,nan,,LOINC_db
LN,62397-5,PhenX - myocardial infarct protocol 040801,62397-5,,nan,,LOINC_db
LN,62813-1,Deprecated PhenX measure - cardiorespiratory fitness - exercise,62813-1,,nan,,LOINC_db
LN,62814-9,PhenX - cardiorespiratory fitness - 1 mile walk protocol 150101,62814-9,,nan,,LOINC_db
LN,62815-6,PhenX - cardiorespiratory fitness - treadmill protocol 150102,62815-6,,nan,,LOINC_db
LN,62846-1,Deprecated PhenX measure - cardiorespiratory fitness - non-exercise,62846-1,,nan,,LOINC_db
LN,62847-9,PhenX - cardiorespiratory fitness - non-exercise protocol 151401,62847-9,,nan,,LOINC_db
LN,63151-5,Food Allergen Mix 46 (Cashew+Pecan or Hickory nut+Chestnut+Walnut+Pistachio) IgG Ab [Mass/volume] in Serum by Multidisk,63151-5,,ug/mL,,LOINC_db
LN,63199-4,Food Allergen Mix 46 (Cashew+Pecan or Hickory nut+Chestnut+Walnut+Pistachio) IgE Ab [Units/volume] in Serum by Multidisk,63199-4,,k[IU]/L,,LOINC_db
LN,64060-7,Cardiothoracic Surgery Hospital Admission Evaluation Note,64060-7,,nan,,LOINC_db
LN,64061-5,Cardiothoracic Surgery Hospital Progress Note,64061-5,,nan,,LOINC_db
LN,64073-0,Cardiothoracic Surgery Attending Hospital Note,64073-0,,nan,,LOINC_db
LN,64074-8,Cardiothoracic Surgery Medical Student Hospital Admission Evaluation Note,64074-8,,nan,,LOINC_db
LN,64075-5,Cardiothoracic Surgery Medical Student Hospital Progress Note,64075-5,,nan,,LOINC_db
LN,64076-3,Cardiothoracic Surgery Medical Student Hospital Consult Note,64076-3,,nan,,LOINC_db
LN,65850-0,Hard coronary heart disease 10Y risk [#] Framingham.The Adult Treatment Panel III 2001,65850-0,,nan,,LOINC_db
LN,65851-8,Coronary heart disease 10Y risk [#] Framingham.Wilson 1998,65851-8,,nan,,LOINC_db
LN,65852-6,Coronary heart disease 2Y risk [#] Framingham.D'Agostino 2000,65852-6,,nan,,LOINC_db
LN,65853-4,General cardiovascular disease 10Y risk [#] Framingham.D'Agostino,65853-4,,nan,,LOINC_db
LN,65854-2,Intermittent claudication 4Y risk [#] Framingham.Murabito 1997,65854-2,,nan,,LOINC_db
LN,65855-9,Stroke 10Y risk [#] Framingham.D'Agostino 1994,65855-9,,nan,,LOINC_db
LN,65856-7,Atrial fibrillation 10Y risk [#] Framingham.Schnabel 2009,65856-7,,nan,,LOINC_db
LN,65857-5,Coronary heart disease 10Y risk [#] Reynolds.Ridker 2007,65857-5,,nan,,LOINC_db
LN,65858-3,Coronary event 10Y risk [#] PROCAM.QuickCheck.Cullen 1997,65858-3,,nan,,LOINC_db
LN,65859-1,Coronary event 10Y risk [#] PROCAM.HealthCheck.Cullen 1997,65859-1,,nan,,LOINC_db
LN,65860-9,Cardiovascular disease 10Y risk [#] SCORE.PC.Conroy 2003,65860-9,,{score},,LOINC_db
LN,65861-7,Cardiovascular disease 10Y risk [#] SCORE.Quick.Conroy 2003,65861-7,,nan,,LOINC_db
LN,65862-5,Recurring coronary heart disease 2Y risk [#] Framingham.D'Agostino 2000,65862-5,,nan,,LOINC_db
LN,65863-3,Heart failure 4Y risk [#] Framingham.Kannel 1999,65863-3,,nan,,LOINC_db
LN,65864-1,Stroke after atrial fibrillation 5 year risk [#] Framingham.Wang 2003,65864-1,,nan,,LOINC_db
LN,65865-8,Stroke or death after atrial fibrillation 5 year risk [#] Framingham.Wang 2003,65865-8,,nan,,LOINC_db
LN,65995-3,Thought echo [DI-PAD],65995-3,,nan,,LOINC_db
LN,66624-8,Myocardial infarction [Reported],66624-8,,nan,,LOINC_db
LN,66627-1,"Pericarditis for 6 months, or pericardiectomy [Reported]",66627-1,,nan,,LOINC_db
LN,67151-1,Troponin T.cardiac [Mass/volume] in Serum or Plasma by High sensitivity method,67151-1,,ng/L,,LOINC_db
LN,67529-8,Physical findings of Heart NEMSIS,67529-8,,nan,,LOINC_db
LN,67799-7,EMS cardiac arrest event Narrative NEMSIS,67799-7,,nan,,LOINC_db
LN,68369-8,Nuclear Ab [Presence] in Pericardial fluid by Immunofluorescence,68369-8,,nan,,LOINC_db
LN,68373-0,Nuclear Ab [Titer] in Pericardial fluid by Immunofluorescence,68373-0,,{titer},,LOINC_db
LN,68382-1,pH of Pericardial fluid by Test strip,68382-1,,[pH],[pH],LOINC_db
LN,68384-7,Specific gravity of Pericardial fluid by Refractometry,68384-7,,nan,,LOINC_db
LN,68393-8,Basophils [#/volume] in Pericardial fluid by Manual count,68393-8,,10*3/uL,,LOINC_db
LN,68398-7,Eosinophils [#/volume] in Pericardial fluid by Manual count,68398-7,,10*3/uL,,LOINC_db
LN,68404-3,Lymphocytes [#/volume] in Pericardial fluid by Manual count,68404-3,,10*3/uL,,LOINC_db
LN,68408-4,Macrophages [#/volume] in Pericardial fluid by Manual count,68408-4,,10*3/uL,,LOINC_db
LN,68414-2,Mesothelial cells [#/volume] in Pericardial fluid by Manual count,68414-2,,10*3/uL,,LOINC_db
LN,68420-9,Monocytes [#/volume] in Pericardial fluid by Manual count,68420-9,,10*3/uL,,LOINC_db
LN,68425-8,Neutrophils [#/volume] in Pericardial fluid by Manual count,68425-8,,10*3/uL,,LOINC_db
LN,68428-2,Leukocytes other [#/volume] in Pericardial fluid by Manual count,68428-2,,10*3/uL,,LOINC_db
LN,68481-1,Cardiothoracic Surgery Attending Hospital Progress Note,68481-1,,nan,,LOINC_db
LN,68621-2,Heart Failure+Transplant Cardiology Note,68621-2,,nan,,LOINC_db
LN,68622-0,Heart Failure+Transplant Cardiology History and Physical Note,68622-0,,nan,,LOINC_db
LN,68623-8,Heart Failure+Transplant Cardiology Preoperative Evaluation and Management Note,68623-8,,nan,,LOINC_db
LN,68624-6,Heart Failure+Transplant Cardiology Hospital Letter,68624-6,,nan,,LOINC_db
LN,68718-6,Pediatric Cardiology Diagnostic Study Note,68718-6,,nan,,LOINC_db
LN,68719-4,Pediatric Cardiology Discharge Summary,68719-4,,nan,,LOINC_db
LN,68721-0,Pediatric Cardiology History and Physical Note,68721-0,,nan,,LOINC_db
LN,68722-8,Pediatric Cardiology Note,68722-8,,nan,,LOINC_db
LN,68723-6,Pediatric Cardiology Preoperative Evaluation and Management Note,68723-6,,nan,,LOINC_db
LN,68724-4,Pediatric Cardiology Procedure Note,68724-4,,nan,,LOINC_db
LN,68725-1,Pediatric Cardiology Progress Note,68725-1,,nan,,LOINC_db
LN,68726-9,Pediatric Cardiology Transfer Summary Note,68726-9,,nan,,LOINC_db
LN,68727-7,Pediatric Cardiology Hospital Consult Note,68727-7,,nan,,LOINC_db
LN,68728-5,Pediatric Cardiology Hospital Letter,68728-5,,nan,,LOINC_db
LN,68956-2,DNA double strand IgG Ab [Units/volume] in Pericardial fluid by Immunoassay,68956-2,,[IU]/L,,LOINC_db
LN,69231-9,NM Heart Views W stress and W Tc-99m IV,69231-9,,nan,,LOINC_db
LN,69232-7,NM Heart Views W stress and W Tc-99m Sestamibi IV,69232-7,,nan,,LOINC_db
LN,70036-9,Granulocytes/Leukocytes in Pericardial fluid by Automated count,70036-9,,%,%,LOINC_db
LN,70037-7,Mononuclear cells/Leukocytes in Pericardial fluid by Automated count,70037-7,,%,%,LOINC_db
LN,70045-0,Granulocytes [#/volume] in Pericardial fluid by Automated count,70045-0,,/uL,,LOINC_db
LN,70046-8,Mononuclear cells [#/volume] in Pericardial fluid by Automated count,70046-8,,/uL,,LOINC_db
LN,71599-5,Mesothelial cells/Leukocytes [Pure number fraction] in Pericardial fluid by Manual count,71599-5,,nan,,LOINC_db
LN,71600-1,Macrophages/Leukocytes [Pure number fraction] in Pericardial fluid by Manual count,71600-1,,nan,,LOINC_db
LN,71601-9,Leukocytes other/Leukocytes [Pure number fraction] in Pericardial fluid by Manual count,71601-9,,nan,,LOINC_db
LN,71602-7,Basophils/Leukocytes [Pure number fraction] in Pericardial fluid by Manual count,71602-7,,nan,,LOINC_db
LN,71603-5,Eosinophils/Leukocytes [Pure number fraction] in Pericardial fluid by Manual count,71603-5,,nan,,LOINC_db
LN,71604-3,Monocytes/Leukocytes [Pure number fraction] in Pericardial fluid by Manual count,71604-3,,nan,,LOINC_db
LN,71605-0,Lymphocytes/Leukocytes [Pure number fraction] in Pericardial fluid by Manual count,71605-0,,nan,,LOINC_db
LN,71606-8,Neutrophils/Leukocytes [Pure number fraction] in Pericardial fluid by Manual count,71606-8,,nan,,LOINC_db
LN,71941-9,Kansas City Cardiomyopathy Questionnaire [KCCQ],71941-9,,nan,,LOINC_db
LN,74236-1,Unidentified cells/Leukocytes in Pericardial fluid by Manual count,74236-1,,%,%,LOINC_db
LN,75352-5,Other cells/Leukocytes in Pericardial fluid by Manual count,75352-5,,%,%,LOINC_db
LN,75656-9,Mononuclear cells [#] in Pericardial fluid by Manual count,75656-9,,{#},,LOINC_db
LN,75659-3,Granulocytes [#] in Pericardial fluid by Manual count,75659-3,,{#},,LOINC_db
LN,75779-9,Thoughts on cardiopulmonary resuscitation (CPR) Narrative - Reported,75779-9,,nan,,LOINC_db
LN,75919-1,Left ventricular Cardiac index,75919-1,,L/(min.m2),,LOINC_db
LN,75933-2,Left atrial pressure Diastolic,75933-2,,mm[Hg],,LOINC_db
LN,75986-0,Velocity index Aorta Non-invasive impedance cardiography (NI-ICG),75986-0,,cm/s,cm/s,LOINC_db
LN,75988-6,Left ventricular End diastolic volume,75988-6,,mL,mL,LOINC_db
LN,75989-4,Left ventricular End systolic volume,75989-4,,mL,mL,LOINC_db
LN,76000-9,Paced heart rate by EKG,76000-9,,/min,1/min,LOINC_db
LN,76047-0,ST amplitude.lead V1,76047-0,,mV,,LOINC_db
LN,76048-8,ST amplitude.lead V2,76048-8,,mV,,LOINC_db
LN,76049-6,ST amplitude.lead V3,76049-6,,mV,,LOINC_db
LN,76050-4,ST amplitude.lead V4,76050-4,,mV,,LOINC_db
LN,76051-2,ST amplitude.lead V5,76051-2,,mV,,LOINC_db
LN,76052-0,ST amplitude.lead V6,76052-0,,mV,,LOINC_db
LN,76053-8,ST amplitude.lead I,76053-8,,mV,,LOINC_db
LN,76054-6,ST amplitude.lead II,76054-6,,mV,,LOINC_db
LN,76055-3,ST amplitude.lead III,76055-3,,mV,,LOINC_db
LN,76056-1,ST amplitude.lead aVF,76056-1,,mV,,LOINC_db
LN,76057-9,ST amplitude.lead aVL,76057-9,,mV,,LOINC_db
LN,76058-7,ST amplitude.lead aVR,76058-7,,mV,,LOINC_db
LN,76092-6,Maximum gradient during systole [Pressure] Aortic valve,76092-6,,mm[Hg],,LOINC_db
LN,76126-2,Premature ventricular contractions [#],76126-2,,{beats},,LOINC_db
LN,76281-5,Type of arrhythmia on EKG,76281-5,,nan,,LOINC_db
LN,76282-3,Heart rate.beat-to-beat by EKG,76282-3,,{beats}/min,,LOINC_db
LN,76297-1,Left ventricular Stroke volume index,76297-1,,mL/m2,mL/m2,LOINC_db
LN,76322-7,Systolic time ratio,76322-7,,{ratio},,LOINC_db
LN,76399-5,"Troponin I.cardiac [Presence] in Serum, Plasma or Blood by Rapid immunoassay",76399-5,,nan,,LOINC_db
LN,76476-1,Heart rate by Transthoracic impedance,76476-1,,{beats}/min,,LOINC_db
LN,76519-8,Left ventricular Cardiac output by Continuous,76519-8,,L/min,,LOINC_db
LN,76527-1,Left ventricular Work/Body surface area [Energy/Area] by Non-invasive impedance cardiography (NI-ICG),76527-1,,gf.m/m2,,LOINC_db
LN,76547-9,Left ventricular End-diastolic volume by US.M-mode+Calculated by cube method,76547-9,,mL,mL,LOINC_db
LN,76548-7,Left ventricular End-diastolic volume by US.2D+Calculated by cube method,76548-7,,mL,mL,LOINC_db
LN,76549-5,Left ventricular End-diastolic volume by US.2D+Calculated by Teichholz method,76549-5,,mL,mL,LOINC_db
LN,76550-3,Left ventricular End-diastolic volume by US.M-mode+Calculated by Gibson method,76550-3,,mL,mL,LOINC_db
LN,76551-1,Left ventricular End-diastolic volume by US.2D+Calculated by Gibson method,76551-1,,mL,mL,LOINC_db
LN,76552-9,Left ventricular End-systolic volume by US.M-mode+Calculated by cube method,76552-9,,mL,mL,LOINC_db
LN,76553-7,Left ventricular End-systolic volume by US.2D+Calculated by cube method,76553-7,,mL,mL,LOINC_db
LN,76554-5,Left ventricular End-systolic volume by US.2D+Calculated by Teichholz method,76554-5,,mL,mL,LOINC_db
LN,76555-2,Left ventricular End-systolic volume by US.M-mode+Calculated by Gibson method,76555-2,,mL,mL,LOINC_db
LN,76556-0,Left ventricular End-systolic volume by US.2D+Calculated by Gibson method,76556-0,,mL,mL,LOINC_db
LN,76557-8,Left ventricular End-systolic volume by US.2D+Calculated by modified Simpson method,76557-8,,mL,mL,LOINC_db
LN,76558-6,Left ventricular Stroke volume by US.M-mode+Calculated by cube method,76558-6,,mL,mL,LOINC_db
LN,76559-4,Left ventricular Stroke volume by US.2D+Calculated by cube method,76559-4,,mL,mL,LOINC_db
LN,76560-2,Left ventricular Stroke volume by US.M-mode+Calculated by Teichholz method,76560-2,,mL,mL,LOINC_db
LN,76561-0,Left ventricular Stroke volume by US.2D+Calculated by Teichholz method,76561-0,,mL,mL,LOINC_db
LN,76562-8,Left ventricular Stroke volume by US.M-mode+Calculated by Gibson method,76562-8,,mL,mL,LOINC_db
LN,76563-6,Left ventricular Stroke volume by US.2D+Calculated by Gibson method,76563-6,,mL,mL,LOINC_db
LN,76564-4,Left ventricular Cardiac output by US.M-mode+Calculated,76564-4,,L/min,,LOINC_db
LN,76565-1,Left ventricular Cardiac output by US.2D+Calculated,76565-1,,L/min,,LOINC_db
LN,76566-9,Left ventricular Cardiac output by US.M-mode+Calculated by cube method,76566-9,,L/min,,LOINC_db
LN,76567-7,Left ventricular Cardiac output by US.2D+Calculated by cube method,76567-7,,L/min,,LOINC_db
LN,76568-5,Left ventricular Cardiac output by US.M-mode+Calculated by Teichholz method,76568-5,,L/min,,LOINC_db
LN,76569-3,Left ventricular Cardiac output by US.2D+Calculated by Teichholz method,76569-3,,L/min,,LOINC_db
LN,76570-1,Left ventricular Cardiac output by US.M-mode+Calculated by Gibson method,76570-1,,L/min,,LOINC_db
LN,76571-9,Left ventricular Cardiac output by US.2D+Calculated by Gibson method,76571-9,,L/min,,LOINC_db
LN,76634-5,Q-T interval corrected based on Fridericia formula,76634-5,,s,s,LOINC_db
LN,76635-2,Q-T interval corrected based on Bazett formula,76635-2,,s,s,LOINC_db
LN,76636-0,R wave amplitude.V5+S wave amplitude.V1,76636-0,,mV,,LOINC_db
LN,76637-8,Total beats during EKG,76637-8,,{#},,LOINC_db
LN,76638-6,R-R interval (Maximum value during study) by EKG,76638-6,,s,s,LOINC_db
LN,76639-4,R-R interval (Minimum value during study) by EKG,76639-4,,s,s,LOINC_db
LN,76640-2,Coronary artery catheterization study,76640-2,,nan,,LOINC_db
LN,76642-8,Percutaneous coronary intervention study,76642-8,,nan,,LOINC_db
LN,76643-6,R-R interval.standard deviation (Heart rate variability) by EKG,76643-6,,s,s,LOINC_db
LN,76644-4,R-R interval.coefficient of variation by EKG,76644-4,,%,%,LOINC_db
LN,76645-1,Cardiac stress test EKG study Type,76645-1,,nan,,LOINC_db
LN,76646-9,R wave amplitude.V6+S wave amplitude.V1,76646-9,,mV,,LOINC_db
LN,77195-6,Cardio-ankle vascular index Calculated,77195-6,,{ratio},,LOINC_db
LN,77196-4,Pulse wave velocity,77196-4,,cm/s,cm/s,LOINC_db
LN,77197-2,Noninvasive arteriosclerosis studies panel,77197-2,,nan,,LOINC_db
LN,77889-4,Left ventricular Ejection fraction by US.M-mode+Calculated by cube method,77889-4,,%,%,LOINC_db
LN,77890-2,Left ventricular Ejection fraction by US.2D+Calculated by cube method,77890-2,,%,%,LOINC_db
LN,77891-0,Left ventricular Ejection fraction by US.2D+Calculated by Teichholz method,77891-0,,%,%,LOINC_db
LN,77892-8,Left ventricular Ejection fraction by US.2D+Calculated by modified Simpson method,77892-8,,%,%,LOINC_db
LN,77893-6,Left ventricular Myocardial mass by US.M-mode+Calculated by cube method,77893-6,,g,g,LOINC_db
LN,77894-4,Left ventricular Myocardial mass by US.2D+Calculated by truncated ellipsoid method,77894-4,,g,g,LOINC_db
LN,77895-1,Left ventricular Myocardial mass by US.2D+Calculated by Devereux method,77895-1,,g,g,LOINC_db
LN,77896-9,Left ventricular Myocardial mass by US.2D+Calculated by area-length method,77896-9,,g,g,LOINC_db
LN,77897-7,Left ventricular Myocardial mass/Body surface area [Mass/Area] by US 2D,77897-7,,g/m2,g/m2,LOINC_db
LN,77898-5,Left ventricular Myocardial mass/Body surface area [Mass/Area] by US.M-mode+Calculated by cube method,77898-5,,g/m2,g/m2,LOINC_db
LN,77899-3,Left ventricular Myocardial mass/Body surface area [Mass/Area] by US.2D+Calculated by truncated ellipsoid method,77899-3,,g/m2,g/m2,LOINC_db
LN,77900-9,Left ventricular Myocardial mass/Body surface area [Mass/Area] by US.2D+Calculated by area-length method,77900-9,,g/m2,g/m2,LOINC_db
LN,77901-7,Right ventricular Minor axis at end diastole.parasternal long axis [Length] by US 2D,77901-7,,cm,cm,LOINC_db
LN,77902-5,Right ventricular Minor axis at end diastole [Length] by US.2D.A4C,77902-5,,cm,cm,LOINC_db
LN,77903-3,Tricuspid valve annulus Excursion distance during systole by US.M-mode,77903-3,,cm,cm,LOINC_db
LN,77904-1,Left atrial End-systolic volume by US.2D+Calculated by modified Simpson method,77904-1,,mL,mL,LOINC_db
LN,77905-8,Left atrial End-systolic volume by US.2D+Calculated by area-length method,77905-8,,mL,mL,LOINC_db
LN,77906-6,Left atrial End-systolic volume/Body surface area [Volume/Area] by US.2D+Calculated by modified Simpson method,77906-6,,mL/m2,mL/m2,LOINC_db
LN,77907-4,Left atrial End-systolic volume/Body surface area [Volume/Area] by US.2D+Calculated by area-length method,77907-4,,mL/m2,mL/m2,LOINC_db
LN,77908-2,Aortic valve Vena contracta diameter by US.doppler,77908-2,,cm,cm,LOINC_db
LN,77909-0,Aortic valve Effective regurgitant orifice area by US.doppler+Calculated by PISA method,77909-0,,cm2,cm2,LOINC_db
LN,77910-8,Aortic valve Effective regurgitant orifice area by US.doppler+Calculated by volumetric method,77910-8,,cm2,cm2,LOINC_db
LN,77911-6,Deprecated Aortic valve regurgitant jet Regurgitation degree by US,77911-6,,nan,,LOINC_db
LN,77912-4,Aortic valve Stenosis degree by US,77912-4,,nan,,LOINC_db
LN,77913-2,Mitral valve Vena contracta diameter by US.doppler,77913-2,,cm,cm,LOINC_db
LN,77914-0,Mitral valve Effective regurgitant orifice area by US.doppler+Calculated by volumetric method,77914-0,,cm2,cm2,LOINC_db
LN,77915-7,Deprecated Mitral valve regurgitant jet Regurgitation degree by US,77915-7,,nan,,LOINC_db
LN,77916-5,Mitral valve Stenosis degree by US,77916-5,,nan,,LOINC_db
LN,77917-3,Tricuspid valve Vena contracta diameter by US.doppler,77917-3,,cm,cm,LOINC_db
LN,77918-1,Pulmonic valve Vena contracta diameter by US.doppler,77918-1,,cm,cm,LOINC_db
LN,77919-9,Deprecated Pulmonic valve regurgitant jet Regurgitation degree by US,77919-9,,nan,,LOINC_db
LN,77920-7,Left ventricular Myocardial mass/Height exp 2.7 [Mass/Area] by US 2D,77920-7,,g/{m2.7},,LOINC_db
LN,77921-5,Left ventricular Myocardial mass/Height exp 2.7 [Mass/Area] by US.M-mode+Calculated by cube method,77921-5,,g/{m2.7},,LOINC_db
LN,77922-3,Left ventricular Myocardial mass/Height exp 2.7 [Mass/Area] by US.2D+Calculated by area-length method,77922-3,,g/{m2.7},,LOINC_db
LN,77923-1,Left ventricular Myocardial mass/Height exp 2.7 [Mass/Area] by US.2D+Calculated by truncated ellipsoid method,77923-1,,g/{m2.7},,LOINC_db
LN,78175-7,Right ventricular Fractional area change by US 2D,78175-7,,%,%,LOINC_db
LN,78176-5,Aorta root Diameter by US 2D,78176-5,,cm,cm,LOINC_db
LN,78177-3,Aortic valve Mean regurgitant pressure gradient during diastole by US.doppler+Calculated by simplified Bernoulli,78177-3,,mm[Hg],,LOINC_db
LN,78178-1,Mitral valve Mean regurgitant pressure gradient by US.doppler,78178-1,,mm[Hg],,LOINC_db
LN,78179-9,Mitral valve Orifice area by US.2D+Measured by planimetry,78179-9,,cm2,cm2,LOINC_db
LN,78180-7,Right ventricular Intrachamber.systole.max by US.doppler,78180-7,,mm[Hg],,LOINC_db
LN,78181-5,Pulmonic valve Regurgitant velocity during diastolic rapid inflow by US.doppler,78181-5,,cm/s,cm/s,LOINC_db
LN,78182-3,Pulmonic valve Maximum regurgitant pressure gradient during diastole by US.doppler,78182-3,,mm[Hg],,LOINC_db
LN,78183-1,Pulmonic valve Stenosis degree by US,78183-1,,nan,,LOINC_db
LN,78184-9,Pulmonary vein A-wave duration by Ultrasound.doppler.PW,78184-9,,s,s,LOINC_db
LN,78185-6,Mitral valve medial annulus Tissue velocity.E-wave.max by US.tissue doppler,78185-6,,cm/s,cm/s,LOINC_db
LN,78186-4,Mitral valve lateral annulus Tissue velocity.E-wave.max by US.tissue doppler,78186-4,,cm/s,cm/s,LOINC_db
LN,78187-2,Mitral valve medial annulus Tissue velocity.S-wave.max by US.tissue doppler,78187-2,,cm/s,cm/s,LOINC_db
LN,78188-0,Mitral valve lateral annulus Tissue velocity.S-wave.max by US.tissue doppler,78188-0,,cm/s,cm/s,LOINC_db
LN,78189-8,Mitral valve medial annulus E-wave/Tissue velocity.E-wave.max by US.doppler+tissue doppler,78189-8,,{ratio},,LOINC_db
LN,78190-6,Mitral valve lateral annulus E-wave/Tissue velocity.E-wave.max by US.doppler+tissue doppler,78190-6,,{ratio},,LOINC_db
LN,78191-4,Mitral valve E-wave deceleration time by US.doppler,78191-4,,s,s,LOINC_db
LN,78192-2,Heart ventricle Left basal inferior septum Segmental wall motion by US,78192-2,,nan,,LOINC_db
LN,78193-0,Heart ventricle Left basal inferior lateral Segmental wall motion by US,78193-0,,nan,,LOINC_db
LN,78194-8,Heart.ventricle.left.basal anterior lateral Segmental wall motion by US,78194-8,,nan,,LOINC_db
LN,78195-5,Heart ventricle Left mid inferior septum Segmental wall motion by US,78195-5,,nan,,LOINC_db
LN,78196-3,Heart ventricle Left mid inferior lateral Segmental wall motion by US,78196-3,,nan,,LOINC_db
LN,78197-1,Heart ventricle Left mid anterior lateral Segmental wall motion by US,78197-1,,nan,,LOINC_db
LN,78198-9,Heart ventricle Left apex Segmental wall motion by US,78198-9,,nan,,LOINC_db
LN,78199-7,Cardiovascular system.central US Study diagnosis,78199-7,,nan,,LOINC_db
LN,78508-9,Cardiothoracic Surgery Admission History and Physical Note,78508-9,,nan,,LOINC_db
LN,78543-6,Cardiothoracic Surgery Checklist,78543-6,,nan,,LOINC_db
LN,78596-4,Cardiothoracic Surgery Education Note,78596-4,,nan,,LOINC_db
LN,78626-9,Cardiothoracic Surgery Flowsheet,78626-9,,nan,,LOINC_db
LN,78679-8,Cardiothoracic Surgery Surgical Operation Note,78679-8,,nan,,LOINC_db
LN,78681-4,Cardiothoracic Surgery Transfer Summary Note,78681-4,,nan,,LOINC_db
LN,78730-9,Cardiothoracic Surgery Preoperative Evaluation and Management Note,78730-9,,nan,,LOINC_db
LN,78895-0,Coronary angiography panel,78895-0,,nan,,LOINC_db
LN,78896-8,Number of diseased coronary segments on Cardiac angiogram,78896-8,,nan,,LOINC_db
LN,78897-6,Percent stenosis of Proximal right coronary artery by Cardiac angiogram,78897-6,,%,%,LOINC_db
LN,78898-4,Percent stenosis of Mid right coronary artery by Cardiac angiogram,78898-4,,%,%,LOINC_db
LN,78899-2,Percent stenosis of Distal right coronary artery by Cardiac angiogram,78899-2,,%,%,LOINC_db
LN,78900-8,Percent stenosis of AV nodal artery by Cardiac angiogram,78900-8,,%,%,LOINC_db
LN,78901-6,Percent stenosis of Posterior descending branch from right coronary artery by Cardiac angiogram,78901-6,,%,%,LOINC_db
LN,78902-4,Percent stenosis of Left main coronary artery by Cardiac angiogram,78902-4,,%,%,LOINC_db
LN,78903-2,Percent stenosis of Proximal left anterior descending artery by Cardiac angiogram,78903-2,,%,%,LOINC_db
LN,78904-0,Percent stenosis of Mid left anterior descending artery by Cardiac angiogram,78904-0,,%,%,LOINC_db
LN,78905-7,Percent stenosis of Distal left anterior descending artery by Cardiac angiogram,78905-7,,%,%,LOINC_db
LN,78906-5,Percent stenosis of First diagonal artery by Cardiac angiogram,78906-5,,%,%,LOINC_db
LN,78907-3,Percent stenosis of Second diagonal artery by Cardiac angiogram,78907-3,,%,%,LOINC_db
LN,78908-1,Percent stenosis of Proximal left circumflex artery by Cardiac angiogram,78908-1,,%,%,LOINC_db
LN,78909-9,Percent stenosis of Obtuse marginal artery by Cardiac angiogram,78909-9,,%,%,LOINC_db
LN,78910-7,Percent stenosis of Mid and distal left circumflex artery by Cardiac angiogram,78910-7,,%,%,LOINC_db
LN,78911-5,Percent stenosis of Posterolateral branch from left circumflex artery by Cardiac angiogram,78911-5,,%,%,LOINC_db
LN,78912-3,Percent stenosis of Posterior descending branch from left circumflex artery by Cardiac angiogram,78912-3,,%,%,LOINC_db
LN,78913-1,Percent stenosis of Ramus intermedius branch from left main coronary artery by Cardiac angiogram,78913-1,,%,%,LOINC_db
LN,78914-9,Percutaneous coronary intervention panel,78914-9,,nan,,LOINC_db
LN,78929-7,Peripheral vessels fluoroscopic angiogram performed,78929-7,,nan,,LOINC_db
LN,78930-5,Right heart catheterization performed,78930-5,,nan,,LOINC_db
LN,78931-3,Spasm load test performed,78931-3,,nan,,LOINC_db
LN,78932-1,Optical coherence tomography performed,78932-1,,nan,,LOINC_db
LN,78933-9,Assisted circulation procedures performed panel,78933-9,,nan,,LOINC_db
LN,78934-7,Temporary pacing performed,78934-7,,nan,,LOINC_db
LN,78935-4,Percutaneous cardiopulmonary support performed,78935-4,,nan,,LOINC_db
LN,78936-2,Cardiac procedure complication [Presence],78936-2,,nan,,LOINC_db
LN,78937-0,Cardiac procedure complication Type,78937-0,,nan,,LOINC_db
LN,78938-8,Cardiac procedure complication Narrative,78938-8,,nan,,LOINC_db
LN,78939-6,Percutaneous coronary intervention device panel,78939-6,,nan,,LOINC_db
LN,78943-8,Cardiac procedure complications panel,78943-8,,nan,,LOINC_db
LN,78944-6,Procedure start time,78944-6,,{clock_time},,LOINC_db
LN,78949-5,Catheterization and angiography procedures performed panel,78949-5,,nan,,LOINC_db
LN,78950-3,Left ventricle Segmental wall motion panel by Angiogram,78950-3,,nan,,LOINC_db
LN,78951-1,Left ventricular basal anterior Segmental wall motion by Cardiac angiogram,78951-1,,nan,,LOINC_db
LN,78952-9,Left ventricular lateral anterior Segmental wall motion by Cardiac angiogram,78952-9,,nan,,LOINC_db
LN,78953-7,Left ventricular apex Segmental wall motion by Cardiac angiogram,78953-7,,nan,,LOINC_db
LN,78954-5,Left ventricular inferior Segmental wall motion by Cardiac angiogram,78954-5,,nan,,LOINC_db
LN,78955-2,Left ventricular basal posterior Segmental wall motion by Cardiac angiogram,78955-2,,nan,,LOINC_db
LN,78956-0,Ventricular septal Segmental wall motion by Cardiac angiogram,78956-0,,nan,,LOINC_db
LN,78957-8,Left ventricular lateral posterior Segmental wall motion by Cardiac angiogram,78957-8,,nan,,LOINC_db
LN,78974-3,IV contrast given [Identifier],78974-3,,nan,,LOINC_db
LN,78975-0,Type of Contrast given,78975-0,,nan,,LOINC_db
LN,79073-3,CTA Heart and Coronary arteries W contrast IV,79073-3,,nan,,LOINC_db
LN,79087-3,CT Heart and Coronary arteries for calcium scoring WO contrast,79087-3,,nan,,LOINC_db
LN,79088-1,CT Heart for congenital disease W contrast IV,79088-1,,nan,,LOINC_db
LN,79089-9,CT Heart W contrast IV,79089-9,,nan,,LOINC_db
LN,79423-0,Cardiovascular disease 10Y risk [Likelihood] ACC-AHA Pooled Cohort by Goff 2013,79423-0,,%,%,LOINC_db
LN,79909-8,Pulmonic valve annulus Diameter at end systole by US 2D,79909-8,,cm,cm,LOINC_db
LN,79910-6,Pulmonic valve Velocity-time integral during systole by US.doppler,79910-6,,cm,cm,LOINC_db
LN,79911-4,Mitral valve medial annulus Tissue velocity.E-wave.max by US.tissue doppler.A4C,79911-4,,cm/s,cm/s,LOINC_db
LN,79912-2,Mitral valve Pressure half time during diastole by US.doppler,79912-2,,ms,ms,LOINC_db
LN,79913-0,Mitral valve Maximum blood flow velocity during diastole by US.doppler,79913-0,,cm/s,cm/s,LOINC_db
LN,79914-8,Mitral valve Velocity-time integral during diastole by US.doppler,79914-8,,cm,cm,LOINC_db
LN,79915-5,Pulmonary vein Maximum A-wave velocity by Ultrasound.doppler.PW,79915-5,,cm/s,cm/s,LOINC_db
LN,79916-3,Pulmonary vein Maximum D-wave velocity by Ultrasound.doppler.PW,79916-3,,cm/s,cm/s,LOINC_db
LN,79917-1,Pulmonary vein Maximum S-wave velocity by Ultrasound.doppler.PW,79917-1,,cm/s,cm/s,LOINC_db
LN,79918-9,Pulmonic valve Regurgitant blood flow velocity at end diastole by US.doppler,79918-9,,cm/s,cm/s,LOINC_db
LN,79919-7,Pulmonic valve Maximum regurgitant blood flow velocity.E wave by US.doppler,79919-7,,cm/s,cm/s,LOINC_db
LN,79920-5,Deprecated Pulmonic valve Maximum blood flow velocity during systole by US.doppler,79920-5,,cm/s,cm/s,LOINC_db
LN,79921-3,Tricuspid valve Maximum regurgitant blood flow velocity during systole by US.doppler continuous wave,79921-3,,cm/s,cm/s,LOINC_db
LN,79922-1,Tricuspid valve annulus Tissue velocity.A-wave.max by US.tissue doppler,79922-1,,cm/s,cm/s,LOINC_db
LN,79923-9,Tricuspid valve Maximum A-wave velocity by US.doppler,79923-9,,cm/s,cm/s,LOINC_db
LN,79924-7,Tricuspid valve annulus Tissue velocity.E-wave.max by US.tissue doppler,79924-7,,cm/s,cm/s,LOINC_db
LN,79925-4,Tricuspid valve Maximum E-wave velocity by US.doppler,79925-4,,cm/s,cm/s,LOINC_db
LN,79926-2,Tricuspid valve annulus Tissue velocity.S-wave.max by US.tissue doppler,79926-2,,cm/s,cm/s,LOINC_db
LN,79927-0,Tricuspid valve Maximum blood flow velocity during diastole by US.doppler,79927-0,,cm/s,cm/s,LOINC_db
LN,79928-8,Pulmonic valve Blood flow acceleration time during systole by US.doppler,79928-8,,ms,ms,LOINC_db
LN,79929-6,Right ventricular Ejection time by US.doppler,79929-6,,ms,ms,LOINC_db
LN,79930-4,Tricuspid valve Closure to opening [Time] by US.doppler,79930-4,,ms,ms,LOINC_db
LN,79931-2,Tricuspid valve Blood flow deceleration time during diastole by US.doppler,79931-2,,ms,ms,LOINC_db
LN,79932-0,Tricuspid valve PISA radius during systole [Length] by US.2D+doppler,79932-0,,cm,cm,LOINC_db
LN,79933-8,Tricuspid valve Vena contracta diameter during systole by US.2D+doppler,79933-8,,cm,cm,LOINC_db
LN,79934-6,Pulmonic valve Maximum pressure gradient at end diastole by US.doppler+Calculated by simplified Bernoulli,79934-6,,mm[Hg],,LOINC_db
LN,79935-3,Pulmonic valve Maximum pressure gradient dur systole by US.doppler+Calculated by simplified Bernoulli,79935-3,,mm[Hg],,LOINC_db
LN,79936-1,Right ventricular Fractional area change by US.2D.A4C+Measured by planimetry,79936-1,,%,%,LOINC_db
LN,79937-9,Tricuspid valve Maximum pressure gradient dur systole by US.doppler.CW+Calculated by simplified Bernoulli,79937-9,,mm[Hg],,LOINC_db
LN,79938-7,Tricuspid valve Mean pressure gradient dur diastole by US.doppler+Calculated by simplified Bernoulli,79938-7,,mm[Hg],,LOINC_db
LN,79939-5,Tricuspid valve Maximum pressure gradient during diastole by US.doppler+Calculated by simplified Bernoulli,79939-5,,mm[Hg],,LOINC_db
LN,79940-3,Aortic valve annulus Diameter at end systole by US 2D,79940-3,,cm,cm,LOINC_db
LN,79941-1,Aortic valve Regurgitant blood flow rate during diastole by US.doppler+Calculated by PISA method,79941-1,,mL/s,,LOINC_db
LN,79942-9,Aortic valve Regurgitant fraction by US.doppler,79942-9,,%,%,LOINC_db
LN,79943-7,Aortic valve Regurgitant jet area/Left ventricular outflow tract area by US.2D+Measured by planimetry,79943-7,,%,%,LOINC_db
LN,79944-5,Aortic valve Regurgitant jet width/Left ventricular outflow tract width by US.2D+doppler,79944-5,,%,%,LOINC_db
LN,79945-2,Aortic valve PISA radius during diastole [Length] by US.2D+doppler,79945-2,,cm,cm,LOINC_db
LN,79946-0,Aortic valve PISA velocity during diastole by US.doppler,79946-0,,cm/s,cm/s,LOINC_db
LN,79947-8,Aortic valve Pressure half time during diastole by US.doppler continuous wave,79947-8,,ms,ms,LOINC_db
LN,79948-6,Aortic valve Vena contracta diameter during diastole by US.2D+doppler,79948-6,,cm,cm,LOINC_db
LN,79949-4,Aortic valve Maximum regurgitant blood flow velocity during diastole by US.doppler continuous wave,79949-4,,cm/s,cm/s,LOINC_db
LN,79950-2,Aortic valve Regurgitant blood flow volume during diastole by US.doppler+Calculated by continuity VTI,79950-2,,mL,mL,LOINC_db
LN,79951-0,Aortic valve Regurgitant blood flow volume during diastole by US.doppler+Calculated by PISA method,79951-0,,mL,mL,LOINC_db
LN,79952-8,Aortic valve Velocity-time integral during diastole by US.doppler continuous wave,79952-8,,cm,cm,LOINC_db
LN,79953-6,Aorta root Diameter at end systole by US 2D,79953-6,,cm,cm,LOINC_db
LN,79954-4,Aorta root Diameter at end systole (by US 2D)/Body surface area,79954-4,,cm/m2,,LOINC_db
LN,79955-1,Aorta.sinotubular junction Diameter at end systole by US 2D,79955-1,,cm,cm,LOINC_db
LN,79956-9,Aortic valve Effective orifice area during systole by US.doppler+Calculated by continuity Vmax,79956-9,,cm2,cm2,LOINC_db
LN,79957-7,Aortic valve Effective orifice area during systole (by US.doppler+Calculated by continuity Vmax)/Body surface area,79957-7,,cm2/m2,,LOINC_db
LN,79958-5,Aortic valve Effective orifice area during systole by US.doppler+Calculated by continuity VTI,79958-5,,cm2,cm2,LOINC_db
LN,79959-3,Aortic valve Effective orifice area during systole (by US.doppler+Calculated by continuity VTI)/Body surface area,79959-3,,cm2/m2,,LOINC_db
LN,79960-1,Aortic valve Effective regurgitant orifice area during diastole by US.doppler+Calculated by PISA method,79960-1,,cm2,cm2,LOINC_db
LN,79961-9,Aortic valve Mean flow velocity during systole by US.doppler,79961-9,,cm/s,cm/s,LOINC_db
LN,79962-7,Aortic valve Mean systole pressure gradient by US.doppler+Calculated by simplified Bernoulli,79962-7,,mm[Hg],,LOINC_db
LN,79963-5,Aortic valve Maximum gradient during systole [Pressure Difference] by US.doppler+Calculated by simplified Bernoulli,79963-5,,mm[Hg],,LOINC_db
LN,79964-3,Aortic valve Maximum blood flow velocity during systole by US.doppler,79964-3,,cm/s,cm/s,LOINC_db
LN,79965-0,Aortic valve Velocity-time integral during systole by US.doppler,79965-0,,cm,cm,LOINC_db
LN,79966-8,Ascending thoracic aorta Diameter during systole by US 2D,79966-8,,cm,cm,LOINC_db
LN,79967-6,Inferior vena cava Diameter at end expiration by US 2D,79967-6,,cm,cm,LOINC_db
LN,79968-4,Interventricular septum Thickness at end diastole by US.M-mode,79968-4,,cm,cm,LOINC_db
LN,79969-2,Interventricular septum Thickness at end diastole by US 2D,79969-2,,cm,cm,LOINC_db
LN,79970-0,Interventricular septum Thickness at end systole by US.M-mode,79970-0,,cm,cm,LOINC_db
LN,79971-8,Interventricular septum Thickness at end systole by US 2D,79971-8,,cm,cm,LOINC_db
LN,79972-6,Interventricular septum Time to peak displacement during systole by US.M-mode+ECG,79972-6,,ms,ms,LOINC_db
LN,79973-4,Left atrial Area at end systole by US.2D.A2C+Measured by planimetry,79973-4,,cm2,cm2,LOINC_db
LN,79974-2,Left atrial Area at end systole by US.2D.A4C+Measured by planimetry,79974-2,,cm2,cm2,LOINC_db
LN,79975-9,Left atrial Minor axis at end systole [Length] by US 2D,79975-9,,cm,cm,LOINC_db
LN,79976-7,Left atrial Minor axis at end systole (by US 2D)/Body surface area,79976-7,,cm/m2,,LOINC_db
LN,79977-5,Left atrial Minor axis at end systole [Length] by US.M-mode,79977-5,,cm,cm,LOINC_db
LN,79978-3,Left atrial Minor axis at end systole (by US.M-mode)/Body surface area,79978-3,,cm/m2,,LOINC_db
LN,79979-1,Left atrial Length at end systole by US.2D.A2C,79979-1,,cm,cm,LOINC_db
LN,79980-9,Left atrial Length at end systole by US.2D.A4C,79980-9,,cm,cm,LOINC_db
LN,79981-7,Left atrial End-systolic volume by US.2D+Calculated by biplane area-length method,79981-7,,mL,mL,LOINC_db
LN,79982-5,Left atrial End-systolic volume (by US.2D+Calculated by biplane area-length method)/Body surface area,79982-5,,mL/m2,mL/m2,LOINC_db
LN,79983-3,Left atrial End-systolic volume by US.2D+Calculated by biplane method of disks,79983-3,,mL,mL,LOINC_db
LN,79984-1,Left atrial End-systolic volume (by US.2D+Calculated by biplane method of disks)/Body surface area,79984-1,,mL/m2,mL/m2,LOINC_db
LN,79985-8,Left atrial End-systolic volume by US.2D.A2C+Calculated by single plane method of disks,79985-8,,mL,mL,LOINC_db
LN,79986-6,Left atrial End-systolic volume by US.2D.A4C+Calculated by single plane method of disks,79986-6,,mL,mL,LOINC_db
LN,79987-4,Left pulmonary artery Diameter at end systole by US 2D,79987-4,,cm,cm,LOINC_db
LN,79988-2,Left ventricular posterior wall Time to peak displacement during systole by US.M-mode+ECG,79988-2,,ms,ms,LOINC_db
LN,79989-0,Left ventricular Pre ejection time by US.doppler,79989-0,,ms,ms,LOINC_db
LN,79990-8,Left ventricular Ejection fraction by US.3D.segmentation,79990-8,,%,%,LOINC_db
LN,79991-6,Left ventricular Ejection fraction by US.2D+Calculated by biplane method of disks,79991-6,,%,%,LOINC_db
LN,79992-4,Left ventricular Ejection fraction by US.2D.A2C+Calculated by single plane method of disks,79992-4,,%,%,LOINC_db
LN,79993-2,Left ventricular Ejection fraction by US.2D.A4C+Calculated by single plane method of disks,79993-2,,%,%,LOINC_db
LN,79994-0,Left ventricular Length at end diastole by US.2D.A4C,79994-0,,cm,cm,LOINC_db
LN,79995-7,Left ventricular End-diastolic volume by US.3D.segmentation,79995-7,,mL,mL,LOINC_db
LN,79996-5,Left ventricular End-diastolic volume by US.2D+Calculated by biplane method of disks,79996-5,,mL,mL,LOINC_db
LN,79997-3,Left ventricular End-diastolic volume (by US.2D+Calculated by biplane method of disks)/Body surface area,79997-3,,mL/m2,mL/m2,LOINC_db
LN,79998-1,Left ventricular End-diastolic volume by US.2D.A2C+Calculated by single plane method of disks,79998-1,,mL,mL,LOINC_db
LN,79999-9,Left ventricular End-diastolic volume by US.2D.A4C+Calculated by single plane method of disks,79999-9,,mL,mL,LOINC_db
LN,80000-3,Left ventricular End-systolic volume by US.3D.segmentation,80000-3,,mL,mL,LOINC_db
LN,80001-1,Left ventricular End-systolic volume by US.2D+Calculated by biplane method of disks,80001-1,,mL,mL,LOINC_db
LN,80002-9,Left ventricular End-systolic volume (by US.2D+Calculated by biplane method of disks)/Body surface area,80002-9,,mL/m2,mL/m2,LOINC_db
LN,80003-7,Left ventricular End-systolic volume by US.2D.A2C+Calculated by single plane method of disks,80003-7,,mL,mL,LOINC_db
LN,80004-5,Left ventricular End-systolic volume by US.2D.A4C+Calculated by single plane method of disks,80004-5,,mL,mL,LOINC_db
LN,80005-2,Left ventricular Area at end diastole by US.2D.SAX at PM+Measured by planimetry,80005-2,,cm2,cm2,LOINC_db
LN,80006-0,Left ventricular Epicardial area at end diastole by US.2D.SAX at PM+Measured by planimetry,80006-0,,cm2,cm2,LOINC_db
LN,80007-8,Left ventricular Minor axis at end diastole [Length] by US 2D,80007-8,,cm,cm,LOINC_db
LN,80008-6,Left ventricular Minor axis at end diastole [Length] by US.M-mode,80008-6,,cm,cm,LOINC_db
LN,80009-4,Left ventricular Minor axis at end diastole (by US.M-mode)/Body surface area,80009-4,,cm/m2,,LOINC_db
LN,80010-2,Left ventricular Minor axis at end diastole (by US 2D)/Body surface area,80010-2,,cm/m2,,LOINC_db
LN,80011-0,Left ventricular Minor axis at end systole [Length] by US 2D,80011-0,,cm,cm,LOINC_db
LN,80012-8,Left ventricular Minor axis at end systole [Length] by US.M-mode,80012-8,,cm,cm,LOINC_db
LN,80013-6,Left ventricular Minor axis at end systole (by US.M-mode)/Body surface area,80013-6,,cm/m2,,LOINC_db
LN,80014-4,Left ventricular Minor axis at end systole (by US 2D)/Body surface area,80014-4,,cm/m2,,LOINC_db
LN,80015-1,Left ventricular Isovolumic relaxation time by US.tissue doppler,80015-1,,ms,ms,LOINC_db
LN,80016-9,Left ventricular Myocardial mass at end diastole by US.2D+Calculated by area-length method,80016-9,,g,g,LOINC_db
LN,80017-7,Left ventricular Myocardial mass at end diastole (by US.2D+Calculated by area-length method)/Body surface area,80017-7,,g/m2,g/m2,LOINC_db
LN,80018-5,Left ventricular Myocardial mass at end diastole (by US.2D+Calculated by area-length method)/Height exp 2.7,80018-5,,g/{m2.7},,LOINC_db
LN,80019-3,Left ventricular Myocardial mass at end diastole by US.2D+Calculated by dimension method,80019-3,,g,g,LOINC_db
LN,80020-1,Left ventricular Myocardial mass at end diastole (by US.2D+Calculated by dimension method)/Body surface area,80020-1,,g/m2,g/m2,LOINC_db
LN,80021-9,Left ventricular Myocardial mass at end diastole (by US.2D+Calculated by dimension method)/Height exp 2.7,80021-9,,g/{m2.7},,LOINC_db
LN,80022-7,Left ventricular Myocardial mass at end diastole by US.M-mode+Calculated by dimension method,80022-7,,g,g,LOINC_db
LN,80023-5,Left ventricular Myocardial mass at end diastole (by US.M-mode+Calculated by dimension method)/Body surface area,80023-5,,g/m2,g/m2,LOINC_db
LN,80024-3,Left ventricular Myocardial mass at end diastole (by US.M-mode+Calculated by dimension method)/Height exp 2.7,80024-3,,g/{m2.7},,LOINC_db
LN,80025-0,Left ventricular Myocardial mass at end diastole by US.2D+Calculated by truncated ellipsoid method,80025-0,,g,g,LOINC_db
LN,80026-8,Left ventricular Myocardial mass at end diastole (by US.2D+Calculated by truncated ellipsoid method)/Body surface area,80026-8,,g/m2,g/m2,LOINC_db
LN,80027-6,Left ventricular Myocardial mass at end diastole (by US.2D+Calculated by truncated ellipsoid method)/Height exp 2.7,80027-6,,g/{m2.7},,LOINC_db
LN,80028-4,Left ventricular outflow tract Diameter at end diastole by US 2D,80028-4,,cm,cm,LOINC_db
LN,80029-2,Left ventricular outflow tract Maximum blood flow velocity during systole by US.doppler,80029-2,,cm/s,cm/s,LOINC_db
LN,80030-0,Left ventricular outflow tract Velocity-time integral during systole by US.doppler,80030-0,,cm,cm,LOINC_db
LN,80031-8,Left ventricular posterior wall Thickness at end diastole by US.M-mode,80031-8,,cm,cm,LOINC_db
LN,80032-6,Left ventricular posterior wall Thickness at end diastole by US 2D,80032-6,,cm,cm,LOINC_db
LN,80033-4,Left ventricular posterior wall Thickness at end systole by US.M-mode,80033-4,,cm,cm,LOINC_db
LN,80034-2,Left ventricular posterior wall Thickness at end systole by US 2D,80034-2,,cm,cm,LOINC_db
LN,80035-9,Left ventricular Stroke volume by US.3D.segmentation,80035-9,,mL,mL,LOINC_db
LN,80036-7,Left ventricular basal anterior Time to max tissue velocity during systole by US.tissue doppler,80036-7,,ms,ms,LOINC_db
LN,80037-5,Left ventricular basal anterior septum Time to max tissue velocity during systole by US.tissue doppler,80037-5,,ms,ms,LOINC_db
LN,80038-3,Left ventricular basal inferior Time to max tissue velocity during systole by US.tissue doppler,80038-3,,ms,ms,LOINC_db
LN,80039-1,Left ventricular basal lateral Time to max tissue velocity during systole by US.tissue doppler,80039-1,,ms,ms,LOINC_db
LN,80040-9,Left ventricular basal posterior Time to max tissue velocity during systole by US.tissue doppler,80040-9,,ms,ms,LOINC_db
LN,80041-7,Left ventricular basal septum Time to max tissue velocity during systole by US.tissue doppler,80041-7,,ms,ms,LOINC_db
LN,80042-5,Left ventricular mid anterior Time to max tissue velocity during systole by US.tissue doppler,80042-5,,ms,ms,LOINC_db
LN,80043-3,Left ventricular mid anterior septum Time to max tissue velocity during systole by US.tissue doppler,80043-3,,ms,ms,LOINC_db
LN,80044-1,Left ventricular mid inferior Time to max tissue velocity during systole by US.tissue doppler,80044-1,,ms,ms,LOINC_db
LN,80045-8,Left ventricular mid lateral Time to max tissue velocity during systole by US.tissue doppler,80045-8,,ms,ms,LOINC_db
LN,80046-6,Left ventricular mid posterior Time to max tissue velocity during systole by US.tissue doppler,80046-6,,ms,ms,LOINC_db
LN,80047-4,Left ventricular mid septum Time to max tissue velocity during systole by US.tissue doppler,80047-4,,ms,ms,LOINC_db
LN,80048-2,Left ventricular Dyssynchrony index during systole by US.tissue doppler,80048-2,,ms,ms,LOINC_db
LN,80049-0,Main pulmonary artery Diameter at end systole by US 2D,80049-0,,cm,cm,LOINC_db
LN,80050-8,Mitral valve annulus Diameter at end diastole by US.2D.A2C,80050-8,,cm,cm,LOINC_db
LN,80051-6,Mitral valve annulus Diameter at end diastole by US.2D.A4C,80051-6,,cm,cm,LOINC_db
LN,80052-4,Mitral valve annulus Diameter at end diastole by US.2D.PLAX,80052-4,,cm,cm,LOINC_db
LN,80053-2,Mitral valve annulus Velocity-time integral during diastole by US.doppler,80053-2,,cm,cm,LOINC_db
LN,80054-0,Mitral valve lateral annulus Tissue velocity.E-wave.max by US.tissue doppler.A4C,80054-0,,cm/s,cm/s,LOINC_db
LN,80055-7,Mitral valve Regurgitant fraction by US.doppler+Calculated by continuity VTI,80055-7,,%,%,LOINC_db
LN,80056-5,Mitral valve Regurgitant fraction by US.doppler+Calculated by PISA method,80056-5,,%,%,LOINC_db
LN,80057-3,Mitral valve Maximum regurgitant blood flow rate during systole by US.doppler+Calculated by PISA method,80057-3,,mL/s,,LOINC_db
LN,80058-1,Mitral valve Maximum pressure gradient dur systole by US.doppler+Calculated by simplified Bernoulli,80058-1,,mm[Hg],,LOINC_db
LN,80059-9,Mitral valve PISA radius during systole [Length] by US.2D+doppler,80059-9,,cm,cm,LOINC_db
LN,80060-7,Mitral valve PISA velocity during systole by US.2D+doppler,80060-7,,cm/s,cm/s,LOINC_db
LN,80061-5,Mitral valve Vena contracta diameter during systole by US.2D+doppler,80061-5,,cm,cm,LOINC_db
LN,80062-3,Mitral valve Maximum regurgitant blood flow velocity during systole by US.doppler continuous wave,80062-3,,cm/s,cm/s,LOINC_db
LN,80063-1,Mitral valve Regurgitant blood flow volume during systole by US.doppler+Calculated by continuity VTI,80063-1,,mL,mL,LOINC_db
LN,80064-9,Mitral valve Regurgitant blood flow volume during systole by US.doppler+Calculated by PISA method,80064-9,,mL,mL,LOINC_db
LN,80065-6,Mitral valve A-wave duration by US.doppler,80065-6,,ms,ms,LOINC_db
LN,80066-4,Mitral valve Maximum A-wave velocity by US.doppler,80066-4,,cm/s,cm/s,LOINC_db
LN,80067-2,Mitral valve Effective orifice area during diastole by US.doppler+Calculated by PISA method,80067-2,,cm2,cm2,LOINC_db
LN,80068-0,Mitral valve Maximum orifice area during diastole by US.2D.PSAX+Measured by planimetry,80068-0,,cm2,cm2,LOINC_db
LN,80069-8,Mitral valve Effective orifice area during diastole by US.doppler pressure half time,80069-8,,cm2,cm2,LOINC_db
LN,80070-6,Mitral valve Maximum E-wave velocity by US.doppler,80070-6,,cm/s,cm/s,LOINC_db
LN,80071-4,Mitral valve Effective regurgitant orifice area during systole by US.doppler+Calculated by PISA method,80071-4,,cm2,cm2,LOINC_db
LN,80072-2,Mitral valve Flow propagation velocity.E-wave by US.M-mode+doppler.A4C,80072-2,,cm/s,cm/s,LOINC_db
LN,80073-0,Mitral valve Mean pressure gradient dur diastole by US.doppler+Calculated by simplified Bernoulli,80073-0,,mm[Hg],,LOINC_db
LN,80074-8,Mitral valve Maximum pressure gradient during diastole by US.doppler+Calculated by simplified Bernoulli,80074-8,,mm[Hg],,LOINC_db
LN,80075-5,Right atrial Area at end systole by US.2D.A4C+Measured by planimetry,80075-5,,cm2,cm2,LOINC_db
LN,80076-3,Right atrial Major axis at end systole [Length] by US.2D.A4C,80076-3,,cm,cm,LOINC_db
LN,80077-1,Right atrial Minor axis at end systole [Length] by US.2D.A4C,80077-1,,cm,cm,LOINC_db
LN,80078-9,Right atrial Minor axis at end systole (by US.2D.A4C)/Body surface area,80078-9,,cm/m2,,LOINC_db
LN,80079-7,Right pulmonary artery Diameter at end systole by US 2D,80079-7,,cm,cm,LOINC_db
LN,80080-5,Right ventricular base Minor axis at end diastole [Length] by US.2D.A4C,80080-5,,cm,cm,LOINC_db
LN,80081-3,Right ventricular Area at end diastole by US.2D.A4C+Measured by planimetry,80081-3,,cm2,cm2,LOINC_db
LN,80082-1,Right ventricular Area at end systole by US.2D.A4C+Measured by planimetry,80082-1,,cm2,cm2,LOINC_db
LN,80083-9,Right ventricular anterior wall Thickness at end diastole by US 2D,80083-9,,cm,cm,LOINC_db
LN,80084-7,Right ventricular anterior wall Thickness at end diastole by US.M-mode,80084-7,,cm,cm,LOINC_db
LN,80085-4,Right ventricular mid-cavity Minor axis at end diastole [Length] by US.2D.A4C,80085-4,,cm,cm,LOINC_db
LN,80086-2,Right ventricular Myocardial performance index (Tei) by US.doppler,80086-2,,{ratio},,LOINC_db
LN,80087-0,Right ventricular outflow tract distal Diameter at end diastole by US.2D.PSAX,80087-0,,cm,cm,LOINC_db
LN,80088-8,Right ventricular outflow tract proximal Diameter at end diastole by US.2D.parasternal,80088-8,,cm,cm,LOINC_db
LN,80089-6,Right ventricular outflow tract Velocity-time integral during systole by US.doppler,80089-6,,cm,cm,LOINC_db
LN,80090-4,Right ventricular Pre ejection time by US.doppler+ECG,80090-4,,ms,ms,LOINC_db
LN,80091-2,Tricuspid valve annulus Diameter at end diastole by US.2D.A4C,80091-2,,cm,cm,LOINC_db
LN,80190-2,Catheterization and angiography procedure details panel,80190-2,,nan,,LOINC_db
LN,80191-0,Spasm stress test panel,80191-0,,nan,,LOINC_db
LN,80192-8,Coronary segment additional details panel,80192-8,,nan,,LOINC_db
LN,80224-9,Type of Right coronary artery catheter,80224-9,,nan,,LOINC_db
LN,80225-6,Type of Left coronary artery catheter,80225-6,,nan,,LOINC_db
LN,80226-4,Type of Pigtail catheter,80226-4,,nan,,LOINC_db
LN,80227-2,Percent stenosis of Posterolateral branch from right coronary artery,80227-2,,%,%,LOINC_db
LN,80228-0,Percent stenosis of Additional first diagonal artery,80228-0,,%,%,LOINC_db
LN,80229-8,Percent stenosis of Additional second diagonal artery,80229-8,,%,%,LOINC_db
LN,80230-6,Orifice area Aortic valve Cardiac catheterization,80230-6,,cm2,cm2,LOINC_db
LN,80231-4,Orifice area Mitral valve Cardiac catheterization,80231-4,,cm2,cm2,LOINC_db
LN,80232-2,A-wave amplitude [Pressure] Pulmonary artery wedge Cardiac catheterization,80232-2,,mm[Hg],,LOINC_db
LN,80233-0,V wave amplitude [Pressure] Pulmonary artery wedge Cardiac catheterization,80233-0,,mm[Hg],,LOINC_db
LN,80234-8,A-wave amplitude [Pressure] Right atrium Cardiac catheterization,80234-8,,mm[Hg],,LOINC_db
LN,80235-5,V wave amplitude [Pressure] Right atrium Cardiac catheterization,80235-5,,mm[Hg],,LOINC_db
LN,80236-3,A-wave amplitude [Pressure] Left atrium Cardiac catheterization,80236-3,,mm[Hg],,LOINC_db
LN,80237-1,V wave amplitude [Pressure] Left atrium Cardiac catheterization,80237-1,,mm[Hg],,LOINC_db
LN,80238-9,Drug given for spasm stress test [Identifier],80238-9,,nan,,LOINC_db
LN,80239-7,Percent stenosis of Coronary artery segment --post procedure,80239-7,,%,%,LOINC_db
LN,80240-5,Coronary stent expansion pressure,80240-5,,atm,atm,LOINC_db
LN,80241-3,Coronary stent expansion time,80241-3,,s,s,LOINC_db
LN,80242-1,IV contrast given [Volume],80242-1,,mL,mL,LOINC_db
LN,80243-9,Cardiac catheterization access site,80243-9,,nan,,LOINC_db
LN,80246-2,Atrioventricular nodal artery [Presence] on Angiogram,80246-2,,nan,,LOINC_db
LN,80247-0,Posterior descending branch from right coronary artery [Presence] on Angiogram,80247-0,,nan,,LOINC_db
LN,80248-8,Posterolateral branch from right coronary artery [Presence] on Angiogram,80248-8,,nan,,LOINC_db
LN,80249-6,First diagonal artery [Presence] on Angiogram,80249-6,,nan,,LOINC_db
LN,80250-4,Additional first diagonal artery [Presence] on Angiogram,80250-4,,nan,,LOINC_db
LN,80251-2,Second diagonal artery [Presence] on Angiogram,80251-2,,nan,,LOINC_db
LN,80252-0,Additional second diagonal artery [Presence] on Angiogram,80252-0,,nan,,LOINC_db
LN,80253-8,Obtuse marginal artery [Presence] on Angiogram,80253-8,,nan,,LOINC_db
LN,80254-6,Mid and distal left circumflex artery [Presence] on Angiogram,80254-6,,nan,,LOINC_db
LN,80255-3,Posterolateral from left circumflex artery [Presence] on Angiogram,80255-3,,nan,,LOINC_db
LN,80256-1,Posterior descending branch from left circumflex artery [Presence] on Angiogram,80256-1,,nan,,LOINC_db
LN,80257-9,Ramus intermedius branch from left main coronary artery [Presence] on Angiogram,80257-9,,nan,,LOINC_db
LN,80275-1,Cardiovascular physiologic assessment panel,80275-1,,nan,,LOINC_db
LN,80276-9,Heart sounds,80276-9,,nan,,LOINC_db
LN,80277-7,Heart murmur assessment panel,80277-7,,nan,,LOINC_db
LN,80278-5,Heart Murmur grade,80278-5,,nan,,LOINC_db
LN,80279-3,Heart Murmur quality,80279-3,,nan,,LOINC_db
LN,80280-1,Heart Murmur pitch,80280-1,,nan,,LOINC_db
LN,80281-9,Heart Murmur timing,80281-9,,nan,,LOINC_db
LN,80284-3,Pulse intensity assessment panel,80284-3,,nan,,LOINC_db
LN,80404-7,R-R interval.standard deviation (Heart rate variability),80404-7,,ms,ms,LOINC_db
LN,80500-2,MR Heart W stress and WO contrast,80500-2,,nan,,LOINC_db
LN,80527-5,Percutaneous coronary intervention individual lesion details panel,80527-5,,nan,,LOINC_db
LN,80528-3,Catheterization and angiography preoperative information panel,80528-3,,nan,,LOINC_db
LN,80726-3,Blood sampling performed Cardiac catheterization,80726-3,,nan,,LOINC_db
LN,80727-1,Percutaneous coronary intervention performed,80727-1,,nan,,LOINC_db
LN,80728-9,Percent stenosis of Coronary artery segment --pre procedure,80728-9,,%,%,LOINC_db
LN,80730-5,Stenosis classification Coronary artery segment ACC-AHA,80730-5,,nan,,LOINC_db
LN,80731-3,Percutaneous coronary intervention individual lesion procedure results panel Heart,80731-3,,nan,,LOINC_db
LN,80749-5,Cardiothoracic Surgery Plan of Care Note,80749-5,,nan,,LOINC_db
LN,80859-2,US.doppler Heart,80859-2,,nan,,LOINC_db
LN,80914-5,Start coordinates Coronary artery segment,80914-5,,nan,,LOINC_db
LN,80915-2,Percent stenosis of Coronary artery segment,80915-2,,%,%,LOINC_db
LN,80916-0,Coronary Lesion start segment,80916-0,,nan,,LOINC_db
LN,80917-8,Coronary Lesion start coordinates,80917-8,,nan,,LOINC_db
LN,80918-6,Coronary Lesion start segment position,80918-6,,nan,,LOINC_db
LN,80919-4,Coronary Lesion end segment,80919-4,,nan,,LOINC_db
LN,80920-2,Coronary Lesion end coordinates,80920-2,,nan,,LOINC_db
LN,80921-0,Coronary Lesion end segment position,80921-0,,{#},,LOINC_db
LN,80922-8,Coronary Lesion located at vessel bifurcation,80922-8,,nan,,LOINC_db
LN,80923-6,Coronary Bifurcated lesion end segment,80923-6,,nan,,LOINC_db
LN,80924-4,Coronary Bifurcated lesion end coordinates,80924-4,,nan,,LOINC_db
LN,80925-1,Coronary Bifurcated lesion end segment position,80925-1,,{#},,LOINC_db
LN,80926-9,Coronary stent start segment,80926-9,,nan,,LOINC_db
LN,80927-7,Coronary stent end segment,80927-7,,nan,,LOINC_db
LN,80928-5,Coronary stent start segment position,80928-5,,nan,,LOINC_db
LN,80929-3,Coronary stent start coordinates,80929-3,,nan,,LOINC_db
LN,80930-1,Coronary stent end coordinates,80930-1,,nan,,LOINC_db
LN,80931-9,Coronary stent end segment position,80931-9,,nan,,LOINC_db
LN,80988-9,Thrombus Stent,80988-9,,nan,,LOINC_db
LN,80993-9,Date and time of first balloon inflation Heart Cardiac catheterization,80993-9,,{tmstp},,LOINC_db
LN,80994-7,Coronary angiography performed,80994-7,,nan,,LOINC_db
LN,80995-4,Left ventriculography performed,80995-4,,nan,,LOINC_db
LN,80996-2,Intravascular ultrasound performed,80996-2,,nan,,LOINC_db
LN,80997-0,Fractional flow reserve performed,80997-0,,nan,,LOINC_db
LN,80998-8,Intra-aortic balloon pump used,80998-8,,nan,,LOINC_db
LN,80999-6,Segment(s) affected by lesion Coronary artery segment,80999-6,,nan,,LOINC_db
LN,81000-2,TIMI grade Coronary artery segment --pre procedure,81000-2,,nan,,LOINC_db
LN,81001-0,TIMI grade Coronary artery segment --post procedure,81001-0,,nan,,LOINC_db
LN,81002-8,Devices used during Cardiac catheterization,81002-8,,nan,,LOINC_db
LN,81091-1,Tricuspid valve Orifice area by US 2D,81091-1,,mm2,,LOINC_db
LN,81092-9,Tricuspid valve Orifice area by US.doppler,81092-9,,mm2,,LOINC_db
LN,81093-7,Tricuspid valve Effective regurgitant orifice area by US.doppler+Calculated by PISA method,81093-7,,mm2,,LOINC_db
LN,81094-5,Tricuspid valve Effective regurgitant orifice area by US.doppler+Calculated by volumetric method,81094-5,,mm2,,LOINC_db
LN,81095-2,Left ventricular Myocardial mass/Body surface area [Mass/Area] by US.2D+Calculated by Devereux method,81095-2,,g/m2,g/m2,LOINC_db
LN,81161-2,US.doppler Heart for blood flow,81161-2,,nan,,LOINC_db
LN,81225-5,Bleeding risk [CCC],81225-5,,nan,,LOINC_db
LN,81383-2,Mitral valve annulus Tissue velocity.S-wave.max by US.tissue doppler,81383-2,,cm/s,cm/s,LOINC_db
LN,81384-0,Mitral valve annulus Tissue velocity.E-wave.max by US.tissue doppler,81384-0,,cm/s,cm/s,LOINC_db
LN,81385-7,Mitral valve annulus Tissue velocity.A-wave.max by US.tissue doppler,81385-7,,cm/s,cm/s,LOINC_db
LN,81386-5,Mitral valve Maximum E-wave velocity/Tissue velocity.E-wave.max by US.doppler+tissue doppler,81386-5,,{ratio},,LOINC_db
LN,81387-3,Mitral valve Regurgitant blood duration of 1 to 3 meters per second flow velocity by US.doppler,81387-3,,ms,ms,LOINC_db
LN,81388-1,Right ventricular Ejection fraction by US 3D,81388-1,,%,%,LOINC_db
LN,81389-9,Right ventricular Stroke volume by US.continuity.VTI+Diameter,81389-9,,mL,mL,LOINC_db
LN,81390-7,Left ventricular Cardiac output by US 3D,81390-7,,L/min,,LOINC_db
LN,81391-5,Left ventricular outflow tract Ejection time by US.doppler,81391-5,,ms,ms,LOINC_db
LN,81392-3,Aortic valve Orifice area/Body surface area [Area/Area] by US.2D+Measured by planimetry,81392-3,,cm2/m2,,LOINC_db
LN,81393-1,Left ventricular Myocardial performance index (Tei) by US.doppler,81393-1,,{ratio},,LOINC_db
LN,81394-9,Mitral valve Regurgitant volume by US.doppler+Calculated by volumetric method,81394-9,,mL,mL,LOINC_db
LN,81395-6,Mitral valve Regurgitant fraction by US.doppler+Calculated by volumetric method,81395-6,,%,%,LOINC_db
LN,81396-4,Mitral valve medial annulus Tissue velocity.A-wave.max by US.tissue doppler,81396-4,,cm/s,cm/s,LOINC_db
LN,81397-2,Mitral valve lateral annulus Tissue velocity.A-wave.max by US.tissue doppler,81397-2,,cm/s,cm/s,LOINC_db
LN,81398-0,Mitral valve Maximum E-wave velocity/Flow propagation velocity.E wave by US.M-mode+doppler.A4C,81398-0,,{ratio},,LOINC_db
LN,81399-8,Left ventricular Maximum longitudinal strain by US 2D,81399-8,,%,%,LOINC_db
LN,81400-4,Left ventricular Maximum radial strain by US 2D,81400-4,,%,%,LOINC_db
LN,81401-2,Left ventricular Maximum circumferential strain by US 2D,81401-2,,%,%,LOINC_db
LN,81402-0,Left ventricular Maximum strain by US 3D,81402-0,,%,%,LOINC_db
LN,81403-8,Left ventricular Maximum longitudinal strain rate during systole by US 2D,81403-8,,%,%,LOINC_db
LN,81404-6,Left ventricular Maximum radial strain rate during systole by US 2D,81404-6,,%,%,LOINC_db
LN,81405-3,Left ventricular Maximum circumferential strain rate during systole by US 2D,81405-3,,%,%,LOINC_db
LN,81406-1,Left ventricular Maximum strain rate by US 2D,81406-1,,%,%,LOINC_db
LN,81407-9,Left ventricular Maximum longitudinal strain rate during early diastole by US 2D,81407-9,,%,%,LOINC_db
LN,81408-7,Left ventricular Maximum radial strain rate during early diastole by US 2D,81408-7,,%,%,LOINC_db
LN,81409-5,Left ventricular Maximum circumferential strain rate during early diastole by US 2D,81409-5,,%,%,LOINC_db
LN,81410-3,Left ventricular Maximum strain rate during early diastole by US 3D,81410-3,,%,%,LOINC_db
LN,81411-1,Left ventricular Maximum longitudinal strain rate during diastole by US 2D,81411-1,,%,%,LOINC_db
LN,81412-9,Left ventricular Maximum radial strain rate during diastole by US 2D,81412-9,,%,%,LOINC_db
LN,81413-7,Left ventricular Maximum circumferential strain rate during diastole by US 2D,81413-7,,%,%,LOINC_db
LN,81414-5,Left ventricular Maximum strain rate during diastole by US 3D,81414-5,,%,%,LOINC_db
LN,81415-2,Left ventricular Maximum apical rotation [Angle] by US 2D,81415-2,,deg,deg,LOINC_db
LN,81416-0,Left ventricular Maximum basal rotation [Angle] by US 2D,81416-0,,deg,deg,LOINC_db
LN,81417-8,Left ventricular Maximum torsion [Angle] by US 2D,81417-8,,deg,deg,LOINC_db
LN,81418-6,Left ventricular Maximum twist rate by US 2D,81418-6,,deg/s,,LOINC_db
LN,81419-4,Left ventricular Maximum untwist rate by US 2D,81419-4,,deg/s,,LOINC_db
LN,81431-9,Regurgitation degree Aortic valve Angiography,81431-9,,nan,,LOINC_db
LN,81432-7,Regurgitation degree Mitral valve Angiography,81432-7,,nan,,LOINC_db
LN,81433-5,Spasm induced Coronary arteries,81433-5,,nan,,LOINC_db
LN,81434-3,Spasm symptom induced,81434-3,,nan,,LOINC_db
LN,81435-0,Coronary Lesion treatment duration,81435-0,,s,s,LOINC_db
LN,81436-8,Percutaneous coronary intervention site,81436-8,,nan,,LOINC_db
LN,81437-6,Coronary Lesion treatment sequence,81437-6,,{#},,LOINC_db
LN,81438-4,Coronary stent number,81438-4,,{#},,LOINC_db
LN,81561-3,SPECT Heart W multiple states of exercise,81561-3,,nan,,LOINC_db
LN,81562-1,SPECT Heart W single state of exercise,81562-1,,nan,,LOINC_db
LN,81563-9,NM Heart First pass and Blood pool,81563-9,,nan,,LOINC_db
LN,81564-7,PT Heart for sarcoidosis,81564-7,,nan,,LOINC_db
LN,81565-4,PT Heart for tissue viability,81565-4,,nan,,LOINC_db
LN,81566-2,NM Heart Gated and Blood pool and Ejection fraction and Wall motion W multiple states of exercise,81566-2,,nan,,LOINC_db
LN,81567-0,NM Heart Gated and Blood pool and Ejection fraction and Wall motion W single state of exercise,81567-0,,nan,,LOINC_db
LN,81568-8,PT perfusion Heart W multiple states of exercise,81568-8,,nan,,LOINC_db
LN,81569-6,PT perfusion Heart W single state of exercise,81569-6,,nan,,LOINC_db
LN,81570-4,NM Heart Perfusion W single state of exercise,81570-4,,nan,,LOINC_db
LN,81571-2,NM Heart Perfusion W multiple states of exercise,81571-2,,nan,,LOINC_db
LN,81612-4,NM Heart Blood pool and Ejection fraction and First pass,81612-4,,nan,,LOINC_db
LN,81860-9,Hypertrophic cardiomyopathy gene targeted mutation analysis in Blood or Tissue by Sequencing,81860-9,,nan,,LOINC_db
LN,82099-3,Food Allergen Mix 22 (Cashew+Pecan or Hickory nut+Walnut+Pistachio) IgE Ab RAST class [Presence] in Serum by Multidisk,82099-3,,nan,,LOINC_db
LN,82337-7,Right atrial Intrachamber pressure estimated by US,82337-7,,mm[Hg],,LOINC_db
LN,82338-5,Aorta.sinotubular junction Diameter by US.M-mode,82338-5,,mm,mm,LOINC_db
LN,82339-3,Aorta.sinotubular junction Diameter by US 2D,82339-3,,mm,mm,LOINC_db
LN,82340-1,Mitral valve Closure to opening [Time] by US.doppler,82340-1,,ms,ms,LOINC_db
LN,82341-9,Right ventricular Intrachamber systolic pressure estimated by US,82341-9,,mm[Hg],,LOINC_db
LN,82563-8,Food Allergen Mix 77 (Kiwi+Cashew nut+Hazel nut+Tomato+Sesame seed) IgE Ab [Presence] in Serum by Multidisk,82563-8,,nan,,LOINC_db
LN,82564-6,Food Allergen Mix 77 (Kiwi+Cashew nut+Hazel nut+Tomato+Sesame seed) IgE Ab RAST class [Presence] in Serum by Multidisk,82564-6,,nan,,LOINC_db
LN,82565-3,Food Allergen Mix 77 (Kiwi+Cashew nut+Hazel nut+Tomato+Sesame seed) IgE Ab [Units/volume] in Serum by Multidisk,82565-3,,k[IU]/mL,,LOINC_db
LN,82594-3,Mitral valve leaflet tip Velocity-time integral (VTI) for the area under E wave by US.doppler,82594-3,,cm,cm,LOINC_db
LN,82595-0,Mitral valve leaflet tip Velocity-time integral (VTI) for the area under A wave by US.doppler,82595-0,,cm,cm,LOINC_db
LN,82596-8,Left ventricular Maximum strain rate during systole by US 3D,82596-8,,/s,,LOINC_db
LN,82621-4,Time to end-systole Left ventricle SPECT,82621-4,,ms,ms,LOINC_db
LN,82622-2,Peak filling rate Left ventricle SPECT --W stress,82622-2,,mL/s,,LOINC_db
LN,82623-0,Peak filling rate Left ventricle SPECT --resting,82623-0,,mL/s,,LOINC_db
LN,82624-8,One-third mean filling rate Left ventricle SPECT --resting,82624-8,,mL/s,,LOINC_db
LN,82625-5,Time to peak filling rate Left ventricle SPECT --resting,82625-5,,ms,ms,LOINC_db
LN,82626-3,Maximum phase [Angle] Left ventricle SPECT --W stress,82626-3,,deg,deg,LOINC_db
LN,82627-1,Mean phase [Angle] Left ventricle SPECT --W stress,82627-1,,deg,deg,LOINC_db
LN,82628-9,Phase.standard deviation [Angle] Left ventricle SPECT --W stress,82628-9,,deg,deg,LOINC_db
LN,82629-7,Phase bandwidth Left ventricle SPECT --W stress,82629-7,,deg,deg,LOINC_db
LN,82630-5,Phase entropy [Score] Left ventricle SPECT --W stress,82630-5,,{score},,LOINC_db
LN,82631-3,Maximum difference in time to end-systole Left ventricle SPECT --W stress,82631-3,,ms,ms,LOINC_db
LN,82632-1,Difference in time to end-systole between lateral and septal wall Left ventricle SPECT --W stress,82632-1,,%,%,LOINC_db
LN,82633-9,Standard deviation of time to end-systole Left ventricle SPECT --W stress,82633-9,,%,%,LOINC_db
LN,82634-7,Maximum phase [Angle] Left ventricle SPECT --resting,82634-7,,deg,deg,LOINC_db
LN,82635-4,Mean phase [Angle] Left ventricle SPECT --resting,82635-4,,deg,deg,LOINC_db
LN,82636-2,Phase.standard deviation [Angle] Left ventricle SPECT --resting,82636-2,,deg,deg,LOINC_db
LN,82637-0,Phase bandwidth Left ventricle SPECT --resting,82637-0,,deg,deg,LOINC_db
LN,82638-8,Phase entropy [Score] Left ventricle SPECT --resting,82638-8,,{score},,LOINC_db
LN,82639-6,Maximum difference in time to end-systole Left ventricle SPECT --resting,82639-6,,%,%,LOINC_db
LN,82640-4,Difference in time to end-systole between lateral and septal wall Left ventricle SPECT --resting,82640-4,,%,%,LOINC_db
LN,82641-2,Standard deviation of time to end-systole Left ventricle SPECT --resting,82641-2,,ms,ms,LOINC_db
LN,82642-0,Summed stress score for 17 segment model Myocardium SPECT,82642-0,,{score},,LOINC_db
LN,82643-8,Summed rest score for 17 segment model Myocardium SPECT,82643-8,,{score},,LOINC_db
LN,82644-6,Summed difference score for 17 segment model Myocardium SPECT,82644-6,,{score},,LOINC_db
LN,82645-3,Summed stress score for 20 segment model Myocardium SPECT,82645-3,,{score},,LOINC_db
LN,82646-1,Summed rest score for 20 segment model Myocardium SPECT,82646-1,,{score},,LOINC_db
LN,82647-9,Summed difference score for 20 segment model Myocardium SPECT,82647-9,,{score},,LOINC_db
LN,82648-7,Summed stress score Myocardium SPECT,82648-7,,%,%,LOINC_db
LN,82649-5,Summed rest score Myocardium SPECT,82649-5,,%,%,LOINC_db
LN,82650-3,Summed difference score Myocardium SPECT,82650-3,,%,%,LOINC_db
LN,82651-1,Washout rate [Ratio] Myocardium SPECT,82651-1,,%,%,LOINC_db
LN,82652-9,Transient ischemic dilation Left ventricle SPECT,82652-9,,%,%,LOINC_db
LN,82653-7,Time to peak filling rate/RR interval Left ventricle SPECT --resting,82653-7,,{ratio},,LOINC_db
LN,82654-5,Cardiac nuclear imaging SPECT panel,82654-5,,nan,,LOINC_db
LN,82655-2,Gated cardiac measurement panel Left ventricle SPECT,82655-2,,nan,,LOINC_db
LN,82656-0,Cardiac summed score panel Myocardium SPECT,82656-0,,nan,,LOINC_db
LN,82657-8,Cardiac phase measurement panel Left ventricle SPECT,82657-8,,nan,,LOINC_db
LN,82661-0,Intrachamber systolic pressure Left ventricle --post procedure,82661-0,,mm[Hg],,LOINC_db
LN,82662-8,Intrachamber diastolic pressure Left ventricle --post procedure,82662-8,,mm[Hg],,LOINC_db
LN,82663-6,End diastolic blood pressure Left ventricle --post procedure,82663-6,,mm[Hg],,LOINC_db
LN,82800-4,PET+CT Heart W contrast IV,82800-4,,nan,,LOINC_db
LN,82801-2,PET+CT Heart WO contrast,82801-2,,nan,,LOINC_db
LN,82829-3,Cardiothoracic Surgery Initial Evaluation Note,82829-3,,nan,,LOINC_db
LN,83289-9,CT for calcium scoring WO contrast and CTA W contrast IV Heart and coronary arteries,83289-9,,nan,,LOINC_db
LN,8362-6,Phase of heart cycle,8362-6,,nan,,LOINC_db
LN,83656-9,Cardiothoracic Surgery Attending Admission Evaluation Note,83656-9,,nan,,LOINC_db
LN,83657-7,Cardiothoracic Surgery Attending Note,83657-7,,nan,,LOINC_db
LN,8375-8,Left ventricular Intrachamber diastolic pressure,8375-8,,mm[Hg],,LOINC_db
LN,8376-6,Left ventricular outflow tract Intrachamber diastolic pressure,8376-6,,mm[Hg],,LOINC_db
LN,8377-4,Right ventricular Intrachamber diastolic pressure,8377-4,,mm[Hg],,LOINC_db
LN,8391-5,Left ventricular End diastolic blood pressure,8391-5,,mm[Hg],,LOINC_db
LN,8392-3,Right ventricular End diastolic blood pressure,8392-3,,mm[Hg],,LOINC_db
LN,8399-8,Left atrial Intrachamber mean pressure,8399-8,,mm[Hg],,LOINC_db
LN,8400-4,Right atrial Intrachamber mean pressure,8400-4,,mm[Hg],,LOINC_db
LN,8404-6,Left ventricular Intrachamber mean pressure,8404-6,,mm[Hg],,LOINC_db
LN,8405-3,Left ventricular outflow tract Intrachamber mean pressure,8405-3,,mm[Hg],,LOINC_db
LN,8406-1,Right ventricular Intrachamber mean pressure,8406-1,,mm[Hg],,LOINC_db
LN,84068-6,Cardiothoracic Surgery Admission Evaluation Note,84068-6,,nan,,LOINC_db
LN,84173-4,Interventional Cardiology Consult Note,84173-4,,nan,,LOINC_db
LN,84174-2,Interventional Cardiology Note,84174-2,,nan,,LOINC_db
LN,84175-9,Interventional Cardiology Surgical Operation Note,84175-9,,nan,,LOINC_db
LN,84176-7,Interventional Cardiology Postoperative Evaluation and Management Note,84176-7,,nan,,LOINC_db
LN,84177-5,Interventional Cardiology Preoperative Evaluation and Management Note,84177-5,,nan,,LOINC_db
LN,8430-1,Left ventricular Intrachamber systolic pressure,8430-1,,mm[Hg],,LOINC_db
LN,8431-9,Left ventricular outflow tract Intrachamber systolic pressure,8431-9,,mm[Hg],,LOINC_db
LN,8432-7,Right ventricular Intrachamber systolic pressure,8432-7,,mm[Hg],,LOINC_db
LN,85061-0,Door-to-balloon time Heart,85061-0,,min,min,LOINC_db
LN,85436-4,Cardiothoracic Surgery Note,85436-4,,nan,,LOINC_db
LN,85474-5,Cardiac implantable loop monitor study,85474-5,,nan,,LOINC_db
LN,85475-2,US Heart Transesophageal,85475-2,,nan,,LOINC_db
LN,8582-9,Left atrial A-wave amplitude,8582-9,,cm[H2O],,LOINC_db
LN,8583-7,Right atrial A-wave amplitude,8583-7,,cm[H2O],,LOINC_db
LN,85850-6,Cardiothoracic Surgery History and Physical Note,85850-6,,nan,,LOINC_db
LN,85851-4,Cardiothoracic Surgery Interdisciplinary Note,85851-4,,nan,,LOINC_db
LN,85852-2,Cardiothoracic Surgery Nurse Note,85852-2,,nan,,LOINC_db
LN,85853-0,Cardiothoracic Surgery Postoperative Evaluation and Management Note,85853-0,,nan,,LOINC_db
LN,85854-8,Cardiothoracic Surgery Procedure Note,85854-8,,nan,,LOINC_db
LN,85886-0,Clinical Cardiac Electrophysiology Consult Note,85886-0,,nan,,LOINC_db
LN,85889-4,Cardiothoracic Surgery Telephone Encounter Note,85889-4,,nan,,LOINC_db
LN,85891-0,Cardiothoracic Surgery Fellow Note,85891-0,,nan,,LOINC_db
LN,85900-9,Cardiothoracic Surgery Resident Note,85900-9,,nan,,LOINC_db
LN,8592-8,Left atrial V wave amplitude,8592-8,,cm[H2O],,LOINC_db
LN,8593-6,Right atrial V wave amplitude,8593-6,,cm[H2O],,LOINC_db
LN,85939-7,Clinical Cardiac Electrophysiology Preoperative Evaluation and Management Note,85939-7,,nan,,LOINC_db
LN,85940-5,Clinical Cardiac Electrophysiology Postoperative Evaluation and Management Note,85940-5,,nan,,LOINC_db
LN,8598-5,Comparison study [Date and time] by EKG,8598-5,,nan,,LOINC_db
LN,8599-3,Comparison study [Interpretation] by EKG,8599-3,,nan,,LOINC_db
LN,8601-7,EKG impression,8601-7,,nan,,LOINC_db
LN,8606-6,Study duration by EKG,8606-6,,nan,,LOINC_db
LN,8607-4,Axis [Interpretation] by EKG,8607-4,,nan,,LOINC_db
LN,8608-2,Conduction [Interpretation] by EKG,8608-2,,nan,,LOINC_db
LN,8609-0,Hypertrophy [Interpretation] by EKG,8609-0,,nan,,LOINC_db
LN,8610-8,Myocardial ischemia [Interpretation] by EKG,8610-8,,nan,,LOINC_db
LN,8611-6,Myocardial infarction age by EKG,8611-6,,nan,,LOINC_db
LN,8612-4,EKG Study overall,8612-4,,nan,,LOINC_db
LN,8613-2,Prosthetic cardiac pacemaker [Interpretation] by EKG,8613-2,,nan,,LOINC_db
LN,8614-0,Pauses,8614-0,,nan,,LOINC_db
LN,8615-7,Premature atrial contractions,8615-7,,nan,,LOINC_db
LN,8616-5,Premature ventricular contractions,8616-5,,{beats}/min,,LOINC_db
LN,8617-3,QRS complex [Interpretation] by EKG,8617-3,,nan,,LOINC_db
LN,8618-1,Recording duration by EKG,8618-1,,nan,,LOINC_db
LN,8619-9,Rhythm segment [Interpretation] by EKG,8619-9,,nan,,LOINC_db
LN,8620-7,ST-T segment [Interpretation] by EKG,8620-7,,nan,,LOINC_db
LN,8621-5,Ventricular ectopics,8621-5,,nan,,LOINC_db
LN,8622-3,Ventricular morphology [Interpretation] by EKG,8622-3,,nan,,LOINC_db
LN,8624-9,PP interval,8624-9,,s,s,LOINC_db
LN,8625-6,P-R Interval,8625-6,,s,s,LOINC_db
LN,8626-4,P wave axis,8626-4,,deg,deg,LOINC_db
LN,8627-2,P wave duration,8627-2,,ms,ms,LOINC_db
LN,8629-8,Q wave depth,8629-8,,mV,,LOINC_db
LN,8630-6,Q wave depth lead,8630-6,,nan,,LOINC_db
LN,8631-4,Q wave duration,8631-4,,ms,ms,LOINC_db
LN,8632-2,QRS axis,8632-2,,deg,deg,LOINC_db
LN,8633-0,QRS duration,8633-0,,ms,ms,LOINC_db
LN,8634-8,Q-T interval,8634-8,,s,s,LOINC_db
LN,8636-3,Q-T interval corrected,8636-3,,s,s,LOINC_db
LN,8637-1,R-R interval by EKG,8637-1,,s,s,LOINC_db
LN,8638-9,T wave axis,8638-9,,nan,,LOINC_db
LN,8660-3,History of Cardiovascular system disorders,8660-3,,nan,,LOINC_db
LN,86956-0,CT Heart WO contrast IV and CT Heart for left ventricular function W contrast IV,86956-0,,nan,,LOINC_db
LN,86975-0,CT Heart for left ventricular function W contrast IV,86975-0,,nan,,LOINC_db
LN,86980-0,CTA Heart and Coronary arteries WO and W contrast IV,86980-0,,nan,,LOINC_db
LN,8702-3,Physical findings of Heart,8702-3,,nan,,LOINC_db
LN,87117-8,Guidance for pericardiocentesis of Heart,87117-8,,nan,,LOINC_db
LN,8731-2,Ventricular Cardiac output by 2D echo,8731-2,,L/min,,LOINC_db
LN,87314-1,Encephalomyocarditis virus [Presence] in Tissue by Organism specific culture,87314-1,,nan,,LOINC_db
LN,87315-8,Encephalomyocarditis virus RNA [Presence] in Tissue by NAA with probe detection,87315-8,,nan,,LOINC_db
LN,8732-0,Left ventricular Cardiac output by Angiography biplane,8732-0,,L/min,,LOINC_db
LN,8733-8,Left ventricular Cardiac output by Angiography single plane,8733-8,,L/min,,LOINC_db
LN,8734-6,Left ventricular Cardiac output by Spiral CT,8734-6,,L/min,,LOINC_db
LN,8735-3,Left ventricular Cardiac output by US.doppler,8735-3,,L/min,,LOINC_db
LN,8736-1,Left ventricular Cardiac output by Fick method,8736-1,,L/min,,LOINC_db
LN,8737-9,Left ventricular Cardiac output by Indicator dilution,8737-9,,L/min,,LOINC_db
LN,8738-7,Left ventricular Cardiac output by MR,8738-7,,L/min,,LOINC_db
LN,8739-5,Left ventricular Cardiac output by Nuclear blood pool,8739-5,,L/min,,LOINC_db
LN,8741-1,Left ventricular Cardiac output,8741-1,,L/min,,LOINC_db
LN,8745-2,Left ventricular Cardiac index by US 2D,8745-2,,L/min/m2,,LOINC_db
LN,8746-0,Left ventricular Cardiac index by Angiography biplane,8746-0,,L/min/m2,,LOINC_db
LN,8747-8,Left ventricular Cardiac index by Angiography single plane,8747-8,,L/min/m2,,LOINC_db
LN,8748-6,Left ventricular Cardiac index by Spiral CT,8748-6,,L/min/m2,,LOINC_db
LN,8749-4,Left ventricular Cardiac index by US.doppler,8749-4,,L/min/m2,,LOINC_db
LN,8750-2,Left ventricular Cardiac index by Fick method,8750-2,,L/min/m2,,LOINC_db
LN,8751-0,Left ventricular Cardiac index by Indicator dilution,8751-0,,L/min/m2,,LOINC_db
LN,8752-8,Left ventricular Cardiac index by MR,8752-8,,L/min/m2,,LOINC_db
LN,8753-6,Left ventricular Cardiac index by Nuclear blood pool,8753-6,,L/min/m2,,LOINC_db
LN,8755-1,Right ventricular Cardiac index by 2D echo,8755-1,,L/min/m2,,LOINC_db
LN,8756-9,Right ventricular Cardiac index by Angiography biplane,8756-9,,L/min/m2,,LOINC_db
LN,8757-7,Right ventricular Cardiac index by Angiography single plane,8757-7,,L/min/m2,,LOINC_db
LN,8758-5,Right ventricular Cardiac index by Spiral CT,8758-5,,L/min/m2,,LOINC_db
LN,8759-3,Right ventricular Cardiac index by US.doppler,8759-3,,L/min/m2,,LOINC_db
LN,8760-1,Right ventricular Cardiac index by Fick method,8760-1,,L/min/m2,,LOINC_db
LN,8761-9,Right ventricular Cardiac index by Indicator dilution,8761-9,,L/min/m2,,LOINC_db
LN,8762-7,Right ventricular Cardiac index by MR,8762-7,,L/min/m2,,LOINC_db
LN,8763-5,Right ventricular Cardiac index by Nuclear blood pool,8763-5,,L/min/m2,,LOINC_db
LN,8765-0,Left ventricular Stroke volume by 2D echo,8765-0,,mL,mL,LOINC_db
LN,8766-8,Left ventricular Stroke volume by Angiography biplane,8766-8,,mL,mL,LOINC_db
LN,8767-6,Left ventricular Stroke volume by Angiography single plane,8767-6,,mL,mL,LOINC_db
LN,8768-4,Left ventricular Stroke volume by Spiral CT,8768-4,,mL,mL,LOINC_db
LN,8769-2,Left ventricular Stroke volume by US.doppler,8769-2,,mL,mL,LOINC_db
LN,8770-0,Left ventricular Stroke volume by Fick method,8770-0,,mL,mL,LOINC_db
LN,8771-8,Left ventricular Stroke volume by Indicator dilution,8771-8,,mL,mL,LOINC_db
LN,8772-6,Left ventricular Stroke volume by MR,8772-6,,mL,mL,LOINC_db
LN,8773-4,Left ventricular Stroke volume by Nuclear blood pool,8773-4,,mL,mL,LOINC_db
LN,8775-9,Right ventricular Stroke volume by 2D echo,8775-9,,mL,mL,LOINC_db
LN,8776-7,Right ventricular Stroke volume by Angiography biplane,8776-7,,mL,mL,LOINC_db
LN,8777-5,Right ventricular Stroke volume by Angiography single plane,8777-5,,mL,mL,LOINC_db
LN,8778-3,Right ventricular Stroke volume by Spiral CT,8778-3,,mL,mL,LOINC_db
LN,8779-1,Right ventricular Stroke volume by US.doppler,8779-1,,mL,mL,LOINC_db
LN,8780-9,Right ventricular Stroke volume by Fick method,8780-9,,mL,mL,LOINC_db
LN,8781-7,Right ventricular Stroke volume by Indicator dilution,8781-7,,mL,mL,LOINC_db
LN,8782-5,Right ventricular Stroke volume by MR,8782-5,,mL,mL,LOINC_db
LN,8783-3,Right ventricular Stroke volume by Nuclear blood pool,8783-3,,mL,mL,LOINC_db
LN,87837-1,CTA Aortic valve W contrast IV,87837-1,,nan,,LOINC_db
LN,8785-8,Left ventricular Stroke volume index by 2D echo,8785-8,,mL,mL,LOINC_db
LN,8786-6,Left ventricular Stroke volume index by Angiography biplane,8786-6,,mL,mL,LOINC_db
LN,8787-4,Left ventricular Stroke volume index by Angiography single plane,8787-4,,mL,mL,LOINC_db
LN,8788-2,Left ventricular Stroke volume index by Spiral CT,8788-2,,mL,mL,LOINC_db
LN,8789-0,Left ventricular Stroke volume index by US.doppler,8789-0,,mL,mL,LOINC_db
LN,8790-8,Left ventricular Stroke volume index by Fick method,8790-8,,mL,mL,LOINC_db
LN,8791-6,Left ventricular Stroke volume index by Indicator dilution,8791-6,,mL,mL,LOINC_db
LN,8792-4,Left ventricular Stroke volume index by MR,8792-4,,mL,mL,LOINC_db
LN,8793-2,Left ventricular Stroke volume index by Nuclear blood pool,8793-2,,mL,mL,LOINC_db
LN,87939-5,Bacteria identified in Pericardial fluid by Anaerobe culture,87939-5,,nan,,LOINC_db
LN,8795-7,Right ventricular Stroke volume index by 2D echo,8795-7,,mL,mL,LOINC_db
LN,8796-5,Right ventricular Stroke volume index by Angiography biplane,8796-5,,mL,mL,LOINC_db
LN,8797-3,Right ventricular Stroke volume index by Angiography single plane,8797-3,,mL,mL,LOINC_db
LN,87977-5,Fungus identified in Pericardial fluid by Culture,87977-5,,nan,,LOINC_db
LN,8798-1,Right ventricular Stroke volume index by Spiral CT,8798-1,,nan,,LOINC_db
LN,8799-9,Right ventricular Stroke volume index by US.doppler,8799-9,,nan,,LOINC_db
LN,88003-9,TOAST Classification of subtypes of acute ischemic stroke,88003-9,,nan,,LOINC_db
LN,8800-5,Right ventricular Stroke volume index by Fick method,8800-5,,nan,,LOINC_db
LN,8801-3,Right ventricular Stroke volume index by Indicator dilution,8801-3,,nan,,LOINC_db
LN,88020-3,Functional capacity NYHA,88020-3,,nan,,LOINC_db
LN,8802-1,Right ventricular Stroke volume index by MR,8802-1,,nan,,LOINC_db
LN,88021-1,Objective assessment of cardiovascular disease NYHA,88021-1,,nan,,LOINC_db
LN,8803-9,Right ventricular Stroke volume index by Nuclear blood pool,8803-9,,nan,,LOINC_db
LN,8804-7,Right ventricular Stroke volume index by Nuclear.myocardial,8804-7,,nan,,LOINC_db
LN,8806-2,Left ventricular Ejection fraction by 2D echo,8806-2,,%,%,LOINC_db
LN,88065-8,Time of defibrillation,88065-8,,{clock_time},,LOINC_db
LN,8807-0,Left ventricular Ejection fraction by 2D echo.visual estimate,8807-0,,%,%,LOINC_db
LN,8808-8,Left ventricular Ejection fraction by Cardiac angiogram,8808-8,,%,%,LOINC_db
LN,8809-6,Left ventricular Ejection fraction by Cardiac angiogram.visual estimate,8809-6,,%,%,LOINC_db
LN,88101-1,CPR stop time,88101-1,,{clock_time},,LOINC_db
LN,88102-9,Provider [Type] who performed CPR,88102-9,,nan,,LOINC_db
LN,88103-7,CPR was being given on arrival at destination,88103-7,,nan,,LOINC_db
LN,8810-4,Left ventricular Ejection fraction by Spiral CT,8810-4,,%,%,LOINC_db
LN,8811-2,Left ventricular Ejection fraction by MR,8811-2,,%,%,LOINC_db
LN,8812-0,Left ventricular Ejection fraction by Nuclear blood pool,8812-0,,%,%,LOINC_db
LN,8813-8,Right ventricular Ejection fraction by 2D echo,8813-8,,%,%,LOINC_db
LN,88145-8,Microscopic observation [Identifier] in Pericardial fluid by Acid fast stain,88145-8,,nan,,LOINC_db
LN,8814-6,Right ventricular Ejection fraction by 2D echo.visual estimate,8814-6,,%,%,LOINC_db
LN,88147-4,Microscopic observation [Identifier] in Pericardial fluid by Gram stain,88147-4,,nan,,LOINC_db
LN,8815-3,Right ventricular Ejection fraction by Cardiac angiogram,8815-3,,%,%,LOINC_db
LN,8816-1,Right ventricular Ejection fraction by Cardiac angiogram.visual estimate,8816-1,,%,%,LOINC_db
LN,8817-9,Right ventricular Ejection fraction by Spiral CT,8817-9,,nan,,LOINC_db
LN,8818-7,Right ventricular Ejection fraction by MR,8818-7,,%,%,LOINC_db
LN,8819-5,Right ventricular Ejection fraction by Nuclear blood pool,8819-5,,nan,,LOINC_db
LN,8820-3,Ventricular Ejection fraction geometry formula,8820-3,,nan,,LOINC_db
LN,8821-1,Left ventricular End-diastolic volume by Imaging,8821-1,,mL,mL,LOINC_db
LN,8822-9,Right ventricular End-diastolic volume by Imaging,8822-9,,mL,mL,LOINC_db
LN,8823-7,Left ventricular End-systolic volume by Imaging,8823-7,,mL,mL,LOINC_db
LN,8824-5,Right ventricular End-systolic volume by Imaging,8824-5,,mL,mL,LOINC_db
LN,8825-2,Hemodynamic measurement method,8825-2,,nan,,LOINC_db
LN,8840-1,Left atrium Oxygen saturation,8840-1,,%,%,LOINC_db
LN,8841-9,Right atrium Oxygen saturation,8841-9,,%,%,LOINC_db
LN,8842-7,High right atrium Oxygen saturation,8842-7,,%,%,LOINC_db
LN,8843-5,Low right atrium Oxygen saturation,8843-5,,%,%,LOINC_db
LN,88435-3,Cardiac compression start time,88435-3,,{clock_time},,LOINC_db
LN,88438-7,CPR start time,88438-7,,{clock_time},,LOINC_db
LN,8844-3,Mid right atrium Oxygen saturation,8844-3,,%,%,LOINC_db
LN,8845-0,Left ventricular Oxygen saturation,8845-0,,%,%,LOINC_db
LN,8846-8,Right ventricular outflow tract Oxygen saturation,8846-8,,%,%,LOINC_db
LN,8847-6,Right ventricular Oxygen saturation,8847-6,,%,%,LOINC_db
LN,88537-6,Enterovirus identified in Pericardial fluid by Organism specific culture,88537-6,,nan,,LOINC_db
LN,88538-4,Enterovirus RNA [Presence] in Pericardial fluid by NAA with probe detection,88538-4,,nan,,LOINC_db
LN,8859-1,Intracardiac shunt left-right,8859-1,,L/min,,LOINC_db
LN,88596-2,Influenza virus B RNA [Presence] in Pericardial fluid by NAA with probe detection,88596-2,,nan,,LOINC_db
LN,88600-2,Influenza virus A RNA [Presence] in Pericardial fluid by NAA with probe detection,88600-2,,nan,,LOINC_db
LN,8860-9,Intracardiac shunt right-left,8860-9,,L/min,,LOINC_db
LN,8861-7,Left ventriclar Stroke work,8861-7,,g.m/m2/{beat},,LOINC_db
LN,8862-5,Right ventricular Stroke work,8862-5,,nan,,LOINC_db
LN,8863-3,Left ventricular stroke work index,8863-3,,g.m/m2/{beat},,LOINC_db
LN,8864-1,Right ventricular Stroke work index,8864-1,,g.m/m2/{beat},,LOINC_db
LN,88663-0,Type of person who performed defibrillation,88663-0,,nan,,LOINC_db
LN,88665-5,Time of return of spontaneous circulation,88665-5,,{clock_time},,LOINC_db
LN,88666-3,Number of defibrillation shocks given,88666-3,,{#},,LOINC_db
LN,88667-1,Maximum defibrillation dose [Energy],88667-1,,J,J,LOINC_db
LN,88670-5,Return of spontaneous circulation,88670-5,,nan,,LOINC_db
LN,8886-4,Heart rate method,8886-4,,nan,,LOINC_db
LN,8887-2,Type of Heart rate device,8887-2,,nan,,LOINC_db
LN,8888-0,Heart rate measure duration,8888-0,,s;min,,LOINC_db
LN,8894-8,P wave Atrium by EKG,8894-8,,nan,,LOINC_db
LN,8895-5,P wave Left atrium by EKG,8895-5,,nan,,LOINC_db
LN,8896-3,P wave Right atrium by EKG,8896-3,,nan,,LOINC_db
LN,8897-1,QRS complex Ventricles by EKG,8897-1,,nan,,LOINC_db
LN,89054-1,Circulatory assistive device(s) used [Identifier] --preoperative,89054-1,,nan,,LOINC_db
LN,89055-8,Circulatory assistive device(s) used [Identifier] --postoperative,89055-8,,nan,,LOINC_db
LN,89056-6,Circulatory assistive device(s) used [Identifier] --during surgery,89056-6,,nan,,LOINC_db
LN,89575-5,Troponin T.cardiac [Interpretation] in Serum or Plasma Qualitative by High sensitivity method,89575-5,,nan,,LOINC_db
LN,89576-3,Troponin T.cardiac panel - Serum or Plasma by High sensitivity method,89576-3,,nan,,LOINC_db
LN,89577-1,Troponin I.cardiac panel - Serum or Plasma by High sensitivity method,89577-1,,nan,,LOINC_db
LN,89578-9,Troponin I.cardiac [Interpretation] in Serum or Plasma Qualitative by High sensitivity method,89578-9,,nan,,LOINC_db
LN,89579-7,Troponin I.cardiac [Mass/volume] in Serum or Plasma by High sensitivity method,89579-7,,ng/L,,LOINC_db
LN,89609-2,CT Guidance for fluid aspiration of Pericardial space,89609-2,,nan,,LOINC_db
LN,89638-1,Nocardia sp identified in Lower respiratory specimen by Organism specific culture,89638-1,,nan,,LOINC_db
LN,89639-9,Nocardia sp identified in Implanted device by Organism specific culture,89639-9,,nan,,LOINC_db
LN,89927-8,CT Heart and aortic root WO contrast for calcium scoring + CTA W contrast IV,89927-8,,nan,,LOINC_db
LN,90267-6,Microscopic observation [Identifier] in Pericardial fluid by Giemsa stain,90267-6,,nan,,LOINC_db
LN,90271-8,Bacteria identified in Pericardial fluid by Aerobe culture,90271-8,,nan,,LOINC_db
LN,90717-0,Heart Failure+Transplant Cardiology Consult Note,90717-0,,nan,,LOINC_db
LN,91546-2,ST deviation (Maximum value during study) by EKG,91546-2,,mV,,LOINC_db
LN,91764-1,Nocardia sp identified in Aspirate by Organism specific culture,91764-1,,nan,,LOINC_db
LN,93124-6,New York Heart Association Functional Classification panel,93124-6,,nan,,LOINC_db
LN,93608-8,Left ventricular Maximum atrial contraction strain rate by US 3D,93608-8,,/s,,LOINC_db
LN,93609-6,Left ventricular Maximum circumferential atrial contraction strain rate by US 3D,93609-6,,%,%,LOINC_db
LN,93610-4,Left ventricular Maximum longitudinal atrial contraction strain rate by US 3D,93610-4,,/s,,LOINC_db
LN,93611-2,Left ventricular Maximum circumferential strain rate during early diastole by US 3D,93611-2,,/s,,LOINC_db
LN,93612-0,Left ventricular Maximum longitudinal strain rate during early diastole by US 3D,93612-0,,/s,,LOINC_db
LN,93613-8,Left ventricular Maximum circumferential strain rate during systole by US 3D,93613-8,,/s,,LOINC_db
LN,93614-6,Left ventricular Maximum longitudinal strain rate during systole by US 3D,93614-6,,/s,,LOINC_db
LN,93615-3,Left ventricular Maximum area strain by US 3D,93615-3,,%,%,LOINC_db
LN,93616-1,Left ventricular Maximum circumferential strain by US 3D,93616-1,,%,%,LOINC_db
LN,93617-9,Left ventricular Maximum longitudinal strain by US 3D,93617-9,,%,%,LOINC_db
LN,93618-7,Tricuspid valve Regurgitant volume by US.doppler+Calculated by PISA method,93618-7,,mL,mL,LOINC_db
LN,93619-5,Hepatic vein Systolic flow reversal by US.doppler,93619-5,,nan,,LOINC_db
LN,93620-3,Tricuspid valve Regurgitant blood velocity-time integral by US.doppler,93620-3,,m,m,LOINC_db
LN,93621-1,Tricuspid valve Regurgitant orifice area by US.doppler.color,93621-1,,mm2,,LOINC_db
LN,93622-9,Right ventricular Systolic time by US.doppler,93622-9,,ms,ms,LOINC_db
LN,93623-7,Main pulmonary artery Diastolic flow reversal by US.doppler,93623-7,,nan,,LOINC_db
LN,93624-5,Pulmonic valve Pressure gradient.early diastole.max by US.doppler,93624-5,,mm[Hg],,LOINC_db
LN,93625-2,Pulmonary valve Regurgitant blood flow velocity.early diastole by Ultrasound.doppler.PW,93625-2,,cm/s,cm/s,LOINC_db
LN,93626-0,Pulmonary vein Blood flow velocity.S2 wave by Ultrasound.doppler.PW,93626-0,,cm/s,cm/s,LOINC_db
LN,93627-8,Pulmonary vein Blood flow velocity.S1 wave by Ultrasound.doppler.PW,93627-8,,cm/s,cm/s,LOINC_db
LN,93628-6,Mitral valve Regurgitant blood velocity-time integral by US.doppler,93628-6,,m,m,LOINC_db
LN,93629-4,Aorta abdominal Holodiastolic flow reversal by US.doppler,93629-4,,nan,,LOINC_db
LN,93630-2,Aortic valve Regurgitant fraction by US.doppler+Calculated by PISA method,93630-2,,%,%,LOINC_db
LN,93631-0,Aortic valve Regurgitant blood velocity-time integral by US.doppler,93631-0,,cm,cm,LOINC_db
LN,93632-8,Heart Left ventricular outflow tract/Aortic valve VTI by US.doppler,93632-8,,{ratio},,LOINC_db
LN,93633-6,Heart Left ventricular outflow tract/Maximum blood flow aortic valve by US.doppler,93633-6,,{ratio},,LOINC_db
LN,93634-4,Inferior vena cava Collapse by US,93634-4,,nan,,LOINC_db
LN,93635-1,Right atrial End-systolic volume by US.2D.A4C,93635-1,,mL,mL,LOINC_db
LN,93636-9,Left atrial End-systolic volume/Body surface area [Volume/Area] by US.2D.A2C+Calc by single plane area-length method,93636-9,,mL/m2,mL/m2,LOINC_db
LN,93637-7,Left atrial End-systolic volume/Body surface area [Volume/Area] by US.2D.A4C+Calc by single plane area-length method,93637-7,,mL/m2,mL/m2,LOINC_db
LN,93638-5,Left atrial End-systolic volume/Body surface area [Volume/Area] by US.2D.A2C+Calculated by single plane method of disks,93638-5,,mL/m2,mL/m2,LOINC_db
LN,93639-3,Left atrial End-systolic volume/Body surface area [Volume/Area] by US.2D.A4C+Calculated by single plane method of disks,93639-3,,mL/m2,mL/m2,LOINC_db
LN,93640-1,Left atrial End-systolic volume by US.2D.A2C+Calc by single plane area-length method,93640-1,,mL,mL,LOINC_db
LN,93641-9,Left atrial End-systolic volume by US.2D.A4C+Calc by single plane area-length method,93641-9,,mL,mL,LOINC_db
LN,93642-7,Right ventricular outflow tract proximal Diameter by US.2D.PSAX,93642-7,,mm,mm,LOINC_db
LN,93643-5,Right ventricular Major axis diastole [Length] by US.2D.A4C,93643-5,,mm,mm,LOINC_db
LN,93644-3,Left ventricular Ejection fraction by US.2D.A2C+Calc by single plane area-length method,93644-3,,%,%,LOINC_db
LN,93645-0,Left ventricular Ejection fraction by US.2D.A4C+Calc by single plane area-length method,93645-0,,%,%,LOINC_db
LN,93646-8,Left ventricular Ejection fraction by US.2D+Calculated by biplane area-length method,93646-8,,%,%,LOINC_db
LN,93647-6,Left ventricular Cardiac output by US.2D.A2C+Calc by single plane area-length method,93647-6,,L/min,,LOINC_db
LN,93648-4,Left ventricular Cardiac output by US.2D.A4C+Calc by single plane area-length method,93648-4,,L/min,,LOINC_db
LN,93649-2,Left ventricular Cardiac output by US.2D+Calculated by biplane area-length method,93649-2,,L/min,,LOINC_db
LN,93650-0,Left ventricular Cardiac output by US.2D.A2C+Calculated by single plane method of disks,93650-0,,L/min,,LOINC_db
LN,93651-8,Left ventricular Cardiac output by US.2D.A4C+Calculated by single plane method of disks,93651-8,,L/min,,LOINC_db
LN,93652-6,Left ventricular Stroke volume by US.2D.A2C+Calc by single plane area-length method,93652-6,,mL,mL,LOINC_db
LN,93653-4,Left ventricular Stroke volume by US.2D.A4C+Calc by single plane area-length method,93653-4,,mL,mL,LOINC_db
LN,93654-2,Left ventricular Stroke volume by US.2D+Calculated by biplane area-length method,93654-2,,mL,mL,LOINC_db
LN,93655-9,Left ventricular Stroke volume by US.2D.A2C+Calculated by single plane method of disks,93655-9,,mL,mL,LOINC_db
LN,93656-7,Left ventricular Stroke volume by US.2D.A4C+Calculated by single plane method of disks,93656-7,,mL,mL,LOINC_db
LN,93657-5,Left ventricular End-systolic volume by US.2D.A2C+Calc by single plane area-length method,93657-5,,mL,mL,LOINC_db
LN,93658-3,Left ventricular End-systolic volume by US.2D.A4C+Calc by single plane area-length method,93658-3,,mL,mL,LOINC_db
LN,93659-1,Left ventricular End-systolic volume by US.2D+Calculated by biplane area-length method,93659-1,,mL,mL,LOINC_db
LN,93660-9,Left ventricular End-diastolic volume by US.2D.A2C+Calc by single plane area-length method,93660-9,,mL,mL,LOINC_db
LN,93661-7,Left ventricular End-diastolic volume by US.2D.A4C+Calc by single plane area-length method,93661-7,,mL,mL,LOINC_db
LN,93662-5,Left ventricular End-diastolic volume by US.2D+Calculated by biplane area-length method,93662-5,,mL,mL,LOINC_db
LN,93663-3,Left ventricular Sphericity index.end diastole by US,93663-3,,mm,mm,LOINC_db
LN,93664-1,Pericardial effusion by US,93664-1,,nan,,LOINC_db
LN,93665-8,Pulmonary valve Regurgitant blood flow pressure half-time by US.doppler,93665-8,,ms,ms,LOINC_db
LN,93754-0,Encephalomyocarditis virus RNA [Cycle Threshold #] in Specimen by NAA with probe detection,93754-0,,{Ct_value},,LOINC_db
LN,93956-1,Heart Failure+Transplant Cardiology Letter,93956-1,,nan,,LOINC_db
LN,93959-5,Heart Failure+Transplant Cardiology Diagnostic Study Note,93959-5,,nan,,LOINC_db
LN,94147-6,Mitral valve B-bump by US.M-mode,94147-6,,nan,,LOINC_db
LN,94148-4,Descending thoracic aorta Holodiastolic flow reversal by US.doppler,94148-4,,nan,,LOINC_db
LN,94517-0,Clinical Cardiac Electrophysiology Discharge Summary,94517-0,,nan,,LOINC_db
LN,94518-8,Clinical Cardiac Electrophysiology Progress Note,94518-8,,nan,,LOINC_db
LN,95548-4,Cardiovascular disease 10Y risk goal based on ACC-AHA Pooled Cohort by Goff 2013,95548-4,,%,%,LOINC_db
LN,95549-2,Cardiovascular disease lifetime risk [Likelihood] ACC-AHA Pooled Cohort by Goff 2013,95549-2,,%,%,LOINC_db
LN,95923-9,MR Heart W stress and W contrast IV,95923-9,,nan,,LOINC_db
LN,95934-6,Left ventricular Volume by estimated by US,95934-6,,nan,,LOINC_db
LN,95935-3,Right ventricular Volume by estimated by US,95935-3,,nan,,LOINC_db
LN,95936-1,Right ventricular Contractility by estimated by US,95936-1,,nan,,LOINC_db
LN,96149-0,Cardiothoracic Surgery Evaluation Note,96149-0,,nan,,LOINC_db
LN,97577-1,Heart Failure+Transplant Cardiology Progress Note,97577-1,,nan,,LOINC_db
LN,97672-0,Interventional Cardiology History and Physical Note,97672-0,,nan,,LOINC_db
LN,97689-4,Interventional Cardiology Evaluation Note,97689-4,,nan,,LOINC_db
LN,97690-2,Interventional Cardiology Discharge Summary,97690-2,,nan,,LOINC_db
LN,97691-0,Interventional Cardiology Progress Note,97691-0,,nan,,LOINC_db
LN,97692-8,Interventional Cardiology Procedure Note,97692-8,,nan,,LOINC_db
LN,9866-5,Axis [Interpretation] Narrative by EKG,9866-5,,nan,,LOINC_db
LN,9867-3,Prosthetic cardiac pacemaker [Interpretation] Narrative by EKG,9867-3,,nan,,LOINC_db
LN,9868-1,Conduction [Interpretation] Narrative by EKG,9868-1,,nan,,LOINC_db
LN,9869-9,Hypertrophy [Interpretation] Narrative by EKG,9869-9,,nan,,LOINC_db
LN,9870-7,Intraventricular conduction [Interpretation] Narrative by EKG,9870-7,,nan,,LOINC_db
LN,9871-5,Intraventricular conduction [Interpretation] by EKG,9871-5,,nan,,LOINC_db
LN,9872-3,Myocardial ischemia [Interpretation] Narrative by EKG,9872-3,,nan,,LOINC_db
LN,9873-1,QRS complex [Interpretation] Narrative by EKG,9873-1,,nan,,LOINC_db
LN,9874-9,Rhythm segment [Interpretation] Narrative by EKG,9874-9,,nan,,LOINC_db
LN,9875-6,ST-T segment [Interpretation] Narrative by EKG,9875-6,,nan,,LOINC_db
LN,9876-4,Ventricular morphology [Interpretation] Narrative by EKG,9876-4,,nan,,LOINC_db
LN,9877-2,J point depression in lead AVF,9877-2,,mV,,LOINC_db
LN,9878-0,J point depression in lead AVL,9878-0,,mV,,LOINC_db
LN,9879-8,J point depression in lead AVR,9879-8,,mV,,LOINC_db
LN,9880-6,J point depression in lead I,9880-6,,mV,,LOINC_db
LN,9881-4,J point depression in lead II,9881-4,,mV,,LOINC_db
LN,9882-2,J point depression in lead III,9882-2,,mV,,LOINC_db
LN,9883-0,J point depression in lead V1,9883-0,,mV,,LOINC_db
LN,9884-8,J point depression in lead V2,9884-8,,mV,,LOINC_db
LN,9885-5,J point depression in lead V3,9885-5,,mV,,LOINC_db
LN,9886-3,J point depression in lead V4,9886-3,,mV,,LOINC_db
LN,9887-1,J point depression in lead V5,9887-1,,mV,,LOINC_db
LN,9888-9,J point depression in lead V6,9888-9,,mV,,LOINC_db
LN,9889-7,P wave amplitude in lead AVF,9889-7,,mV,,LOINC_db
LN,9890-5,P wave amplitude in lead AVL,9890-5,,mV,,LOINC_db
LN,9891-3,P wave amplitude in lead AVR,9891-3,,mV,,LOINC_db
LN,9892-1,P wave amplitude in lead I,9892-1,,mV,,LOINC_db
LN,9893-9,P wave amplitude in lead II,9893-9,,mV,,LOINC_db
LN,9894-7,P wave amplitude in lead III,9894-7,,mV,,LOINC_db
LN,9895-4,P wave amplitude in lead V1,9895-4,,mV,,LOINC_db
LN,9896-2,P wave amplitude in lead V2,9896-2,,mV,,LOINC_db
LN,9897-0,P wave amplitude in lead V3,9897-0,,mV,,LOINC_db
LN,9898-8,P wave amplitude in lead V4,9898-8,,mV,,LOINC_db
LN,9899-6,P wave amplitude in in lead V5,9899-6,,mV,,LOINC_db
LN,9900-2,P wave amplitude in lead V6,9900-2,,mV,,LOINC_db
LN,9901-0,P wave duration in lead AVF,9901-0,,ms,ms,LOINC_db
LN,9902-8,P wave duration in lead AVL,9902-8,,ms,ms,LOINC_db
LN,9903-6,P wave duration in lead AVR,9903-6,,ms,ms,LOINC_db
LN,9904-4,P wave duration in lead I,9904-4,,ms,ms,LOINC_db
LN,9905-1,P wave duration in lead II,9905-1,,ms,ms,LOINC_db
LN,99055-6,Cardiovascular disease 10Y risk [Likelihood],99055-6,,%,%,LOINC_db
LN,99056-4,Cardiovascular disease 10Y risk,99056-4,,nan,,LOINC_db
LN,9906-9,P wave duration in lead III,9906-9,,ms,ms,LOINC_db
LN,9907-7,P wave duration in lead V1,9907-7,,ms,ms,LOINC_db
LN,9908-5,P wave duration in lead V2,9908-5,,ms,ms,LOINC_db
LN,9909-3,P wave duration in lead V3,9909-3,,ms,ms,LOINC_db
LN,9910-1,P wave duration in lead V4,9910-1,,ms,ms,LOINC_db
LN,9911-9,P wave duration in lead V5,9911-9,,ms,ms,LOINC_db
LN,9912-7,P wave duration in lead V6,9912-7,,ms,ms,LOINC_db
LN,9913-5,P' wave amplitude in lead AVF,9913-5,,mV,,LOINC_db
LN,9914-3,P' wave amplitude in lead AVL,9914-3,,mV,,LOINC_db
LN,9915-0,P' wave amplitude in lead AVR,9915-0,,mV,,LOINC_db
LN,9916-8,P' wave amplitude in lead I,9916-8,,mV,,LOINC_db
LN,9917-6,P' wave amplitude in lead II,9917-6,,mV,,LOINC_db
LN,9918-4,P' wave amplitude in lead III,9918-4,,mV,,LOINC_db
LN,9919-2,P' wave amplitude in lead V1,9919-2,,mV,,LOINC_db
LN,9920-0,P' wave amplitude in lead V2,9920-0,,mV,,LOINC_db
LN,9921-8,P' wave amplitude in lead V3,9921-8,,mV,,LOINC_db
LN,9922-6,P' wave amplitude in lead V4,9922-6,,mV,,LOINC_db
LN,9923-4,P' wave amplitude in lead V5,9923-4,,mV,,LOINC_db
LN,9924-2,P' wave amplitude in lead V6,9924-2,,mV,,LOINC_db
LN,9925-9,Q wave depth in lead AVF,9925-9,,mV,,LOINC_db
LN,9926-7,Q wave depth in lead AVL,9926-7,,mV,,LOINC_db
LN,9927-5,Q wave depth in lead AVR,9927-5,,mV,,LOINC_db
LN,9928-3,Q wave depth in lead I,9928-3,,mV,,LOINC_db
LN,9929-1,Q wave depth in lead II,9929-1,,mV,,LOINC_db
LN,9930-9,Q wave depth in lead III,9930-9,,mV,,LOINC_db
LN,9931-7,Q wave depth in lead V1,9931-7,,mV,,LOINC_db
LN,9932-5,Q wave depth in lead V2,9932-5,,mV,,LOINC_db
LN,9933-3,Q wave depth in lead V3,9933-3,,mV,,LOINC_db
LN,9934-1,Q wave depth in lead V4,9934-1,,mV,,LOINC_db
LN,9935-8,Q wave depth in lead V5,9935-8,,mV,,LOINC_db
LN,9936-6,Q wave depth in lead V6,9936-6,,mV,,LOINC_db
LN,9937-4,Q wave duration in lead AVF,9937-4,,ms,ms,LOINC_db
LN,9938-2,Q wave duration in lead AVL,9938-2,,ms,ms,LOINC_db
LN,9939-0,Q wave duration in lead AVR,9939-0,,ms,ms,LOINC_db
LN,9940-8,Q wave duration in lead I,9940-8,,ms,ms,LOINC_db
LN,9941-6,Q wave duration in lead II,9941-6,,ms,ms,LOINC_db
LN,9942-4,Q wave duration in lead III,9942-4,,ms,ms,LOINC_db
LN,9943-2,Q wave duration in lead V1,9943-2,,ms,ms,LOINC_db
LN,9944-0,Q wave duration in lead V2,9944-0,,ms,ms,LOINC_db
LN,9945-7,Q wave duration in lead V3,9945-7,,ms,ms,LOINC_db
LN,9946-5,Q wave duration in lead V4,9946-5,,ms,ms,LOINC_db
LN,9947-3,Q wave duration in lead V5,9947-3,,ms,ms,LOINC_db
LN,99478-0,Cardiac loop monitor study Document,99478-0,,nan,,LOINC_db
LN,9948-1,Q wave duration in lead V6,9948-1,,ms,ms,LOINC_db
LN,99489-7,Cardiothoracic Surgery Discharge Summary,99489-7,,nan,,LOINC_db
LN,9949-9,QRS duration in lead AVF,9949-9,,ms,ms,LOINC_db
LN,9950-7,QRS duration in lead AVL,9950-7,,ms,ms,LOINC_db
LN,9951-5,QRS duration in lead AVR,9951-5,,ms,ms,LOINC_db
LN,99515-9,Weight of Heart,99515-9,,g,g,LOINC_db
LN,99522-5,Circumference [Length] of Heart valve,99522-5,,cm,cm,LOINC_db
LN,9952-3,QRS duration in lead I,9952-3,,ms,ms,LOINC_db
LN,99523-3,Circumference [Length] of Pulmonary valve,99523-3,,cm,cm,LOINC_db
LN,99524-1,Circumference [Length] of Mitral valve,99524-1,,cm,cm,LOINC_db
LN,99525-8,Circumference [Length] of Aortic valve,99525-8,,cm,cm,LOINC_db
LN,99526-6,Thickness [Length] of Right ventricle,99526-6,,cm,cm,LOINC_db
LN,99527-4,Thickness [Length] of Left ventricle,99527-4,,cm,cm,LOINC_db
LN,99528-2,Thickness [Length] of Interventricular septum,99528-2,,cm,cm,LOINC_db
LN,9953-1,QRS duration in lead II,9953-1,,ms,ms,LOINC_db
LN,9954-9,QRS duration in lead III,9954-9,,ms,ms,LOINC_db
LN,9955-6,QRS duration in lead V1,9955-6,,ms,ms,LOINC_db
LN,9956-4,QRS duration in lead V2,9956-4,,ms,ms,LOINC_db
LN,9957-2,QRS duration in lead V3,9957-2,,ms,ms,LOINC_db
LN,9958-0,QRS duration in lead V4,9958-0,,ms,ms,LOINC_db
LN,9959-8,QRS duration in lead V5,9959-8,,ms,ms,LOINC_db
LN,9960-6,QRS duration in lead V6,9960-6,,ms,ms,LOINC_db
LN,99612-4,CT Heart WO contrast,99612-4,,nan,,LOINC_db
LN,99613-2,CT Heart WO and W contrast IV,99613-2,,nan,,LOINC_db
LN,9961-4,QRS initial amplitude in lead AVF,9961-4,,mV,,LOINC_db
LN,9962-2,QRS initial amplitude in lead AVL,9962-2,,mV,,LOINC_db
LN,9963-0,QRS initial amplitude in lead AVR,9963-0,,mV,,LOINC_db
LN,9964-8,QRS initial amplitude in lead I,9964-8,,mV,,LOINC_db
LN,9965-5,QRS initial amplitude in lead II,9965-5,,mV,,LOINC_db
LN,9966-3,QRS initial amplitude in lead III,9966-3,,mV,,LOINC_db
LN,9967-1,QRS initial amplitude in lead V1,9967-1,,mV,,LOINC_db
LN,9968-9,QRS initial amplitude in lead V2,9968-9,,mV,,LOINC_db
LN,9969-7,QRS initial amplitude in lead V3,9969-7,,mV,,LOINC_db
LN,9970-5,QRS initial amplitude in lead V4,9970-5,,mV,,LOINC_db
LN,9971-3,QRS initial amplitude in lead V5,9971-3,,mV,,LOINC_db
LN,9972-1,QRS initial amplitude in lead V6,9972-1,,mV,,LOINC_db
LN,9973-9,QRS terminal amplitude in lead AVF,9973-9,,mV,,LOINC_db
LN,9974-7,QRS terminal amplitude in lead AVL,9974-7,,mV,,LOINC_db
LN,9975-4,QRS terminal amplitude in lead AVR,9975-4,,mV,,LOINC_db
LN,9976-2,QRS terminal amplitude in lead I,9976-2,,mV,,LOINC_db
LN,9977-0,QRS terminal amplitude in lead II,9977-0,,mV,,LOINC_db
LN,9978-8,QRS terminal amplitude in lead III,9978-8,,mV,,LOINC_db
LN,9979-6,QRS terminal amplitude in lead V1,9979-6,,mV,,LOINC_db
LN,9980-4,QRS terminal amplitude in lead V2,9980-4,,mV,,LOINC_db
LN,9981-2,QRS terminal amplitude in lead V3,9981-2,,mV,,LOINC_db
LN,9982-0,QRS terminal amplitude in lead V4,9982-0,,mV,,LOINC_db
LN,9983-8,QRS terminal amplitude in lead V5,9983-8,,mV,,LOINC_db
LN,9984-6,QRS terminal amplitude in lead V6,9984-6,,mV,,LOINC_db
LN,9985-3,R wave amplitude in lead AVF,9985-3,,mV,,LOINC_db
LN,9986-1,R wave amplitude in lead AVL,9986-1,,mV,,LOINC_db
LN,9987-9,R wave amplitude in lead AVR,9987-9,,mV,,LOINC_db
LN,9988-7,R wave amplitude in lead I,9988-7,,mV,,LOINC_db
LN,9989-5,R wave amplitude in lead II,9989-5,,mV,,LOINC_db
LN,9990-3,R wave amplitude in lead III,9990-3,,mV,,LOINC_db
LN,9991-1,R wave amplitude in lead V1,9991-1,,mV,,LOINC_db
LN,9992-9,R wave amplitude in lead V2,9992-9,,mV,,LOINC_db
LN,9993-7,R wave amplitude in lead V3,9993-7,,mV,,LOINC_db
LN,9994-5,R wave amplitude in lead V4,9994-5,,mV,,LOINC_db
LN,9995-2,R wave amplitude in lead V5,9995-2,,mV,,LOINC_db
LN,9996-0,R wave amplitude in lead V6,9996-0,,mV,,LOINC_db
LN,9997-8,R wave axis,9997-8,,deg,deg,LOINC_db
LN,9998-6,R wave duration in lead AVF,9998-6,,ms,ms,LOINC_db
LN,9999-4,R wave duration in lead AVL,9999-4,,ms,ms,LOINC_db
